Age,Gender,Marital_Status,Grad_Period,Ocupation,Children,S1,A2,D3,A4,D5,S6,A7,S8,A9,D10,S11,S12,D13,S14,A15,D16,D17,S18,A19,A20,D21
34,Masculino,Solteira(o),9,Estudante e Trabalho,0,0,0,0,1,2,1,1,1,3,0,3,2,1,1,1,1,0,1,2,2,0
23,Masculino,Solteira(o),9,Estudante,0,1,1,1,0,2,3,0,0,0,2,1,1,0,2,0,1,0,1,0,0,1
25,Feminino,Solteira(o),9,Estudante,0,1,1,1,1,2,1,0,1,0,1,1,0,2,0,0,1,1,0,1,1,0
24,Feminino,Solteira(o),9,Estudante,0,1,1,0,1,1,0,0,1,1,1,1,1,1,1,1,0,0,2,0,1,0
22,Masculino,Solteira(o),9,Estudante,0,1,1,1,1,1,1,1,1,1,1,1,1,1,1,1,1,1,1,1,1,1
21,Feminino,Solteira(o),9,Estudante,0,1,2,1,1,1,1,1,1,1,0,1,1,1,0,1,0,1,1,1,1,0
22,Feminino,Solteira(o),9,Estudante,0,1,1,1,1,2,1,0,1,1,1,1,1,1,1,1,1,0,1,2,0,1
23,Feminino,Solteira(o),9,Estudante,0,1,1,2,1,1,1,1,1,0,1,1,1,1,1,1,1,0,2,1,0,0
25,Feminino,Solteira(o),9,Estudante,0,2,2,2,1,1,2,0,2,1,3,0,2,3,2,1,1,0,2,1,2,3
23,Feminino,Solteira(o),1,Estudante,0,1,1,1,2,2,3,1,3,3,0,2,2,0,3,2,0,2,3,2,3,0
22,Feminino,Solteira(o),9,Estudante,0,2,0,1,1,2,1,0,2,0,1,2,1,2,1,1,1,1,1,1,0,1
22,Masculino,Solteira(o),9,Estudante,0,0,0,0,0,1,0,0,0,0,1,0,0,0,0,0,0,0,0,0,0,0
25,Feminino,Solteira(o),9,Estudante,0,1,0,1,0,1,1,0,0,2,0,0,1,1,0,0,0,1,2,1,0,0
22,Feminino,Solteira(o),11,Estudante,0,2,1,1,1,1,1,1,1,1,1,1,1,1,1,1,1,1,1,1,1,1
20,Feminino,Solteira(o),1,Estudante,0,1,1,0,1,1,0,1,2,1,0,3,2,0,1,1,0,0,1,1,0,0
19,Feminino,Solteira(o),1,Estudante,0,1,0,0,2,0,0,1,0,0,0,1,1,0,0,2,0,0,3,1,1,0
19,Feminino,Solteira(o),1,Estudante,0,1,1,3,3,3,3,3,3,3,3,3,3,3,3,3,2,3,3,3,2,3
18,Feminino,Solteira(o),1,Estudante,0,2,1,1,1,0,3,2,3,3,1,3,3,1,2,1,0,1,3,1,2,2
19,Feminino,Solteira(o),1,Estudante,0,1,1,0,1,1,2,2,2,3,1,2,2,1,2,2,1,2,2,1,1,1
17,Feminino,Solteira(o),1,Estudante,0,1,0,0,0,1,1,2,3,1,1,1,1,0,1,0,1,1,1,0,2,0
30,Feminino,Casada(o),1,Estudante,0,2,2,1,1,1,2,2,2,2,1,2,1,1,1,2,1,1,2,2,2,1
23,Feminino,Solteira(o),1,Estudante,0,2,2,1,3,2,2,2,2,3,2,2,2,2,1,2,2,2,1,3,3,1
20,Feminino,Solteira(o),1,Estudante,0,2,1,1,1,3,1,3,2,2,3,3,3,1,1,2,1,3,3,3,3,0
19,Feminino,Solteira(o),5,Estudante,0,2,1,1,1,1,1,0,1,1,0,1,1,1,1,1,0,2,3,2,1,1
17,Feminino,Solteira(o),1,Estudante,0,3,2,1,3,2,2,3,3,3,0,2,3,2,1,3,1,1,2,3,3,1
18,Feminino,Solteira(o),1,Estudante,0,2,1,0,2,2,3,1,3,3,2,3,3,1,3,3,1,1,3,3,3,0
18,Feminino,Solteira(o),1,Estudante,0,0,0,0,0,1,0,1,0,0,0,1,1,0,0,0,0,0,0,0,1,0
20,Feminino,Solteira(o),5,Estudante,0,0,1,0,0,1,1,1,0,1,0,1,1,1,0,0,0,0,1,1,0,0
17,Feminino,Solteira(o),1,Estudante,0,1,0,0,1,1,1,1,0,1,0,1,1,0,0,1,0,0,1,1,1,0
29,Feminino,Solteira(o),5,Estudante,0,1,2,1,2,1,3,1,2,2,1,3,2,2,1,2,1,1,2,3,3,2
20,Feminino,Solteira(o),1,Estudante,0,1,2,0,1,3,1,2,3,1,0,3,3,1,0,1,0,1,2,1,2,1
18,Feminino,Solteira(o),1,Estudante,0,2,2,1,3,3,2,2,3,3,1,2,2,2,1,2,1,1,3,3,2,1
21,Feminino,Solteira(o),5,Estudante e Trabalho,0,1,1,1,2,2,1,2,1,3,1,2,2,1,0,1,1,1,1,1,1,1
20,Feminino,Solteira(o),5,Estudante,0,0,1,0,1,2,0,1,2,1,1,0,1,1,1,0,1,0,1,1,1,0
20,Feminino,Solteira(o),5,Estudante,0,2,2,0,2,0,2,2,2,1,0,3,2,0,0,0,0,0,2,0,0,0
18,Feminino,Solteira(o),1,Estudante,0,1,0,1,1,2,2,3,2,1,1,1,2,0,2,0,1,2,3,3,1,1
41,Feminino,Solteira(o),5,Estudante,0,2,1,1,1,2,2,1,2,2,1,3,3,2,2,2,1,0,3,2,1,1
21,Feminino,Solteira(o),4,Estudante,0,3,2,0,3,1,2,3,3,3,0,2,3,3,2,3,1,3,3,3,3,1
22,Feminino,Solteira(o),4,Estudante,0,1,2,0,1,2,1,0,1,0,0,2,2,1,2,0,1,0,1,2,0,0
23,Feminino,Solteira(o),4,Estudante,0,2,3,2,2,1,1,2,2,3,1,1,2,3,1,1,2,3,2,1,1,2
21,Masculino,Solteira(o),4,Estudante,0,1,0,0,0,1,0,0,1,0,1,1,2,1,1,0,1,1,1,0,1,0
20,Feminino,Solteira(o),4,Estudante,0,1,0,1,3,3,2,1,1,1,1,3,2,2,3,1,1,1,2,2,2,1
21,Feminino,Solteira(o),4,Estudante e Trabalho,0,3,2,2,2,3,3,1,2,3,2,2,3,2,3,2,2,2,2,1,3,2
20,Feminino,Solteira(o),4,Estudante,0,2,3,1,2,1,2,2,2,1,0,2,3,1,1,1,1,1,1,2,1,0
22,Feminino,Solteira(o),4,Estudante,0,1,1,0,3,1,1,2,2,3,3,1,2,2,0,2,2,1,3,2,1,2
18,Feminino,Solteira(o),1,Estudante,0,2,2,1,1,1,2,2,1,1,1,1,1,1,1,1,1,1,1,1,1,1
17,Feminino,Solteira(o),1,Estudante,0,2,3,0,2,1,3,1,0,3,3,1,3,0,3,1,0,3,2,3,2,0
24,Masculino,Solteira(o),6,Estudante,0,1,1,2,1,3,1,2,2,1,1,2,2,2,1,1,2,2,2,2,1,2
25,Feminino,Solteira(o),8,Estudante,0,1,2,0,2,1,2,2,2,2,0,2,2,1,2,1,0,1,1,1,2,0
21,Feminino,Solteira(o),8,Estudante,0,1,0,0,0,1,2,0,1,0,0,1,3,0,1,0,0,0,2,0,0,0
25,Feminino,Solteira(o),9,Estudante,0,1,1,0,0,0,0,1,1,1,0,0,1,1,0,0,0,0,1,0,0,0
24,Feminino,Solteira(o),9,Estudante,0,1,1,1,2,3,3,1,3,2,1,3,3,2,1,2,2,1,2,2,1,1
19,Feminino,Solteira(o),2,Estudante,0,3,1,1,2,3,3,2,3,3,1,2,2,2,1,3,1,2,3,2,2,1
19,Feminino,Solteira(o),2,Estudante,0,3,3,1,3,3,2,3,3,2,2,3,3,3,0,3,1,3,3,3,3,3
19,Feminino,Solteira(o),2,Estudante,0,2,1,2,3,1,2,3,3,3,3,2,3,3,2,3,1,1,3,3,3,1
27,Outro,Solteira(o),4,Estudante,0,2,2,1,2,2,1,2,2,2,2,2,2,2,2,2,1,1,2,2,2,2
20,Masculino,Solteira(o),6,Estudante e Trabalho,0,1,1,1,1,2,0,0,2,1,1,0,2,2,1,0,2,1,0,1,1,1
22,Feminino,Solteira(o),4,Estudante,0,1,2,1,2,3,2,2,2,0,1,2,3,1,2,2,2,2,2,3,3,1
28,Feminino,Solteira(o),5,Estudante,0,1,3,0,3,2,2,2,2,2,1,3,3,2,2,2,2,0,2,2,2,0
28,Feminino,Solteira(o),7,Estudante,0,1,1,1,2,3,2,0,1,2,0,2,2,2,0,0,0,1,1,2,2,0
24,Feminino,Solteira(o),7,Estudante,0,2,1,0,0,2,1,0,2,1,0,1,1,2,0,0,1,0,2,0,0,0
23,Feminino,Solteira(o),5,Estudante,0,2,2,3,3,3,3,2,3,3,3,2,3,3,1,3,3,3,3,3,3,3
23,Masculino,Solteira(o),7,Estudante,0,0,0,0,0,0,1,0,0,0,0,0,0,0,0,0,0,0,0,0,0,0
20,Masculino,Solteira(o),6,Estudante,0,2,0,0,1,1,0,0,1,1,0,1,2,0,1,0,0,0,0,1,1,0
28,Feminino,Solteira(o),3,Estudante,0,3,1,1,0,1,1,2,3,1,2,0,2,2,2,1,2,1,1,1,0,1
27,Masculino,Solteira(o),7,Estudante e Trabalho,0,0,2,1,0,3,0,2,0,0,3,3,3,2,0,1,2,3,0,3,0,3
22,Feminino,Solteira(o),7,Estudante,0,1,0,0,1,1,1,0,1,1,0,2,1,1,1,0,0,0,2,0,1,0
35,Feminino,Solteira(o),4,Estudante e Trabalho,0,1,1,0,0,1,1,0,0,0,0,2,1,0,0,0,0,0,1,0,0,0
24,Feminino,Solteira(o),2,Estudante e Trabalho,0,1,0,1,0,2,1,1,1,0,0,1,1,1,0,1,1,0,1,1,1,0
21,Feminino,Solteira(o),3,Estudante,0,2,1,0,1,1,2,1,2,2,1,2,2,0,1,1,1,0,2,2,2,0
18,Feminino,Solteira(o),3,Estudante,0,1,0,0,1,2,2,1,1,0,0,2,2,1,1,0,2,0,1,0,1,0
24,Masculino,Solteira(o),3,Estudante,1,0,1,1,0,1,2,0,1,0,1,2,1,2,0,1,1,1,2,0,0,2
18,Feminino,Solteira(o),3,Estudante,0,3,2,0,0,2,2,0,3,3,0,2,2,1,1,1,0,0,3,1,1,1
18,Feminino,Solteira(o),3,Estudante,0,1,1,0,1,1,0,0,2,2,0,3,3,0,0,1,0,1,2,0,1,1
20,Masculino,Solteira(o),3,Estudante,0,0,0,0,0,1,0,0,0,0,0,1,1,0,0,0,0,0,0,0,0,0
19,Feminino,Solteira(o),3,Estudante,0,2,1,2,1,1,0,0,3,2,2,2,2,1,2,2,1,1,0,0,0,1
18,Feminino,Solteira(o),3,Estudante,0,1,3,0,2,2,2,3,2,2,1,3,2,0,1,1,1,2,3,2,2,1
20,Feminino,Solteira(o),3,Estudante,0,2,1,1,2,3,1,1,2,1,2,3,2,3,3,2,2,2,3,3,2,2
24,Feminino,Solteira(o),3,Estudante,0,1,1,1,0,1,1,2,2,2,2,3,3,3,1,1,1,2,2,2,3,2
19,Feminino,Solteira(o),3,Estudante e Trabalho,0,2,2,2,1,3,3,1,3,3,3,3,3,3,2,2,3,2,3,1,2,3
27,Masculino,Solteira(o),3,Estudante,0,0,1,0,0,0,0,0,0,0,0,1,0,0,1,0,0,0,0,0,0,0
30,Masculino,Solteira(o),3,Estudante,0,1,0,0,0,2,0,1,0,0,1,1,2,1,1,0,1,0,0,0,0,0
18,Feminino,Solteira(o),3,Estudante,0,2,1,1,1,2,2,1,2,1,1,1,2,0,1,1,1,2,2,1,1,0
44,Feminino,Solteira(o),3,Estudante e Trabalho,0,1,1,1,1,1,1,0,0,1,0,0,1,1,1,0,0,0,1,1,0,0
21,Feminino,Solteira(o),1,Estudante,0,1,2,0,1,2,2,1,2,1,0,1,1,0,1,0,0,0,1,0,1,0
30,Feminino,Solteira(o),5,Estudante,0,1,2,1,1,0,1,1,1,2,0,1,1,1,1,2,1,2,2,2,1,1
19,Feminino,Solteira(o),1,Estudante,0,1,1,0,1,2,2,0,2,2,2,1,1,2,1,2,1,1,1,0,3,0
20,Feminino,Solteira(o),5,Estudante,0,1,2,0,2,2,1,1,2,1,1,2,2,1,1,1,1,0,2,2,1,0
22,Masculino,Solteira(o),9,Estudante,0,1,0,1,0,2,0,0,1,0,0,0,2,0,2,0,0,0,0,1,0,0
22,Feminino,Solteira(o),3,Estudante,0,3,3,2,3,3,3,3,3,3,3,3,3,3,3,3,3,3,3,3,3,3
30,Feminino,Casada(o),6,Estudante,0,1,0,2,0,2,3,2,1,0,1,2,2,1,2,0,2,0,1,0,2,3
21,Masculino,Solteira(o),3,Estudante,0,1,0,1,0,1,1,2,2,0,0,1,1,2,2,0,1,1,2,0,0,0
19,Feminino,Solteira(o),5,Estudante,0,1,1,0,0,1,2,0,1,0,0,2,1,0,0,0,0,0,3,0,1,0
23,Feminino,Solteira(o),5,Estudante,0,2,2,2,1,2,2,1,2,1,1,3,2,2,2,1,2,2,3,1,2,2
24,Masculino,Solteira(o),9,Estudante,0,2,0,1,0,1,2,1,2,0,1,2,2,0,1,0,1,1,2,1,0,0
22,Feminino,Solteira(o),9,Estudante,0,2,0,0,2,1,1,1,2,2,0,2,2,1,0,1,1,0,1,2,0,0
19,Feminino,Solteira(o),3,Estudante,0,2,2,1,2,2,2,2,2,2,1,3,3,2,1,2,1,1,3,2,2,1
21,Feminino,Solteira(o),5,Estudante,0,1,2,0,0,1,1,0,1,1,0,0,0,1,0,0,1,0,1,0,1,0
21,Masculino,Solteira(o),5,Estudante,0,3,3,2,3,3,3,3,2,3,3,3,3,3,1,1,2,3,3,3,3,3
26,Feminino,Solteira(o),3,Estudante,0,3,2,0,3,1,3,3,3,3,0,3,3,0,1,3,1,0,3,3,3,0
18,Feminino,Solteira(o),3,Estudante,0,1,0,0,0,1,2,0,1,2,1,3,2,0,1,1,0,0,1,0,2,0
21,Feminino,Solteira(o),5,Estudante,0,1,0,0,0,2,0,0,0,0,2,0,1,3,2,0,2,0,2,0,0,0
18,Feminino,Solteira(o),1,Estudante,0,0,0,0,0,1,0,0,0,0,0,1,1,1,0,0,1,0,1,1,0,0
25,Feminino,Solteira(o),7,Estudante,0,0,0,0,0,0,0,0,0,0,0,0,0,0,0,0,0,0,0,0,0,0
22,Masculino,Solteira(o),5,Estudante e Trabalho,0,1,1,2,1,1,2,1,2,1,1,1,2,3,2,1,1,0,1,2,1,2
20,Feminino,Solteira(o),7,Estudante,0,1,0,0,1,0,3,0,1,0,1,1,1,1,0,0,1,0,3,1,0,0
23,Masculino,Solteira(o),5,Estudante,0,2,0,1,2,2,3,1,1,0,1,3,3,3,2,0,2,2,2,1,1,3
23,Feminino,Solteira(o),5,Estudante,0,1,2,1,0,3,0,0,2,2,1,1,3,3,1,0,1,1,1,0,0,0
22,Feminino,Solteira(o),7,Estudante,0,1,1,1,1,2,2,2,2,2,3,0,2,3,1,2,2,3,3,1,1,2
18,Feminino,Solteira(o),1,Estudante,0,1,1,1,1,1,1,1,2,2,0,1,2,0,0,1,0,0,2,1,2,0
19,Feminino,Solteira(o),3,Estudante,0,1,2,0,1,0,2,0,1,3,0,2,2,0,3,1,0,0,3,3,3,0
23,Feminino,Solteira(o),7,Estudante,0,2,1,1,2,1,2,1,2,1,0,2,2,2,3,2,1,1,1,2,2,1
18,Masculino,Solteira(o),1,Estudante,0,3,3,3,1,3,3,1,2,3,3,1,2,3,0,2,2,3,3,1,0,3
42,Feminino,Casada(o),2,Estudante,1,1,1,0,0,0,1,0,0,0,0,1,0,0,0,0,0,0,1,0,0,0
18,Feminino,Solteira(o),1,Estudante,0,0,0,0,0,1,1,0,0,0,0,1,0,0,0,0,0,0,0,0,1,0
20,Feminino,Solteira(o),7,Estudante,0,1,2,2,3,3,1,0,2,2,0,1,2,1,0,1,1,0,3,1,1,0
23,Feminino,Casada(o),5,Estudante,1,1,2,1,2,3,1,0,1,2,1,2,2,1,3,1,1,1,2,3,1,1
29,Feminino,Solteira(o),9,Estudante,0,1,0,0,1,3,2,2,1,3,0,2,2,2,1,1,2,2,3,1,2,0
22,Masculino,Solteira(o),8,Estudante,0,2,1,1,1,2,1,0,2,0,0,2,2,2,2,0,1,2,2,1,2,1
23,Masculino,Solteira(o),6,Estudante e Trabalho,0,2,2,1,0,3,2,3,3,2,3,3,3,2,2,1,1,2,3,0,0,1
17,Feminino,Solteira(o),2,Estudante,0,2,2,0,0,0,1,0,1,0,0,1,1,0,0,0,0,0,2,0,0,0
20,Feminino,Solteira(o),6,Estudante,0,1,2,0,2,1,1,2,2,2,1,2,2,2,0,2,0,0,3,0,0,0
19,Feminino,Solteira(o),6,Estudante,0,2,1,1,1,1,1,0,0,1,1,2,2,1,1,1,0,0,1,1,1,0
23,Feminino,Solteira(o),10,Estudante,0,1,2,0,1,0,1,1,1,1,0,1,2,0,1,0,0,0,2,1,1,0
25,Feminino,Solteira(o),6,Estudante,0,1,1,1,1,2,1,2,2,2,1,3,3,2,1,2,2,1,2,1,2,1
17,Feminino,Solteira(o),2,Estudante,0,2,1,1,2,3,2,1,2,0,1,2,2,1,3,1,1,1,2,2,0,1
28,Masculino,Solteira(o),6,Estudante,0,1,0,0,0,1,1,0,0,0,0,2,1,0,0,0,0,0,0,0,0,0
22,Feminino,Solteira(o),10,Estudante,0,2,0,0,0,0,1,0,1,0,0,1,2,0,1,0,0,1,1,1,1,0
21,Feminino,Solteira(o),6,Estudante,0,1,0,0,0,0,0,0,1,0,0,1,1,0,0,0,0,0,0,1,1,0
18,Feminino,Solteira(o),2,Estudante e Trabalho,0,3,1,1,3,1,3,1,3,3,3,1,2,3,2,3,1,2,3,3,2,3
22,Feminino,Solteira(o),8,Estudante,0,2,1,1,1,2,1,0,2,2,2,3,3,2,2,0,2,3,3,3,3,1
18,Feminino,Solteira(o),2,Estudante e Trabalho,0,1,1,1,2,3,3,2,3,1,3,3,3,3,1,1,2,2,2,2,2,3
20,Feminino,Solteira(o),2,Estudante e Trabalho,0,2,0,1,2,3,3,3,2,0,0,2,1,1,3,0,0,0,3,3,1,0
19,Masculino,Solteira(o),2,Estudante e Trabalho,0,0,1,0,0,1,0,0,0,0,1,1,0,0,0,0,0,0,0,0,0,0
20,Feminino,Solteira(o),6,Estudante,0,1,0,0,1,2,1,0,2,1,0,2,3,1,1,1,0,1,2,0,0,2
18,Feminino,Solteira(o),2,Estudante,0,1,1,0,2,2,0,1,2,3,1,3,3,2,0,0,1,2,3,3,0,0
18,Feminino,Solteira(o),2,Estudante,0,2,1,0,3,2,2,2,3,1,0,3,3,1,1,3,1,0,3,3,0,0
22,Feminino,Solteira(o),9,Estudante,0,2,2,1,0,2,2,0,1,1,1,2,2,1,1,1,1,1,2,1,1,1
25,Feminino,Solteira(o),9,Estudante,0,2,3,1,1,2,2,2,1,2,3,2,1,2,2,2,2,2,1,2,1,1
23,Feminino,Solteira(o),9,Estudante,0,1,0,0,2,2,3,1,1,2,2,3,2,0,3,1,1,0,3,2,1,0
23,Feminino,Solteira(o),9,Estudante,0,0,2,0,0,3,0,0,1,0,0,1,1,0,1,0,0,0,1,2,0,0
22,Masculino,Solteira(o),10,Estudante,0,1,2,1,2,2,0,0,1,1,0,3,2,1,1,1,0,1,0,1,0,0
23,Masculino,Solteira(o),10,Estudante,0,1,1,1,1,3,1,1,1,1,3,1,1,2,2,1,1,2,2,1,1,2
22,Masculino,Solteira(o),10,Estudante,0,1,0,0,0,1,1,1,0,0,1,1,1,2,0,0,1,1,0,0,0,1
22,Feminino,Solteira(o),10,Estudante,0,1,1,1,0,2,1,1,1,1,2,1,1,1,1,0,1,1,1,0,0,1
19,Feminino,Solteira(o),6,Estudante,0,1,3,1,1,1,2,0,1,0,2,0,1,1,0,1,1,2,1,0,1,1
20,Feminino,Solteira(o),6,Estudante,0,2,0,2,2,2,3,1,2,2,1,1,2,2,2,2,2,1,3,2,3,0
23,Feminino,Solteira(o),2,Estudante e Trabalho,0,1,0,2,2,1,1,0,1,1,0,1,1,2,0,1,1,0,2,2,0,0
18,Feminino,Solteira(o),1,Estudante e Trabalho,0,1,0,0,0,0,1,2,1,0,0,0,0,0,0,0,0,0,1,0,0,0
24,Feminino,Solteira(o),1,Estudante,0,1,1,0,0,0,1,0,1,1,0,2,1,0,1,1,0,0,1,0,1,0
22,Feminino,Solteira(o),8,Estudante e Trabalho,0,2,2,2,2,2,2,1,2,2,2,1,2,2,2,1,1,2,2,2,0,2
21,Feminino,Solteira(o),8,Estudante,0,2,0,1,3,3,1,3,2,1,2,2,1,2,1,0,0,1,1,2,1,1
34,Feminino,Casada(o),8,Estudante e Trabalho,1,0,1,0,0,1,0,0,0,0,1,1,2,1,0,0,0,1,1,1,0,1
24,Masculino,Solteira(o),7,Estudante,0,1,1,1,1,2,1,1,2,1,1,1,1,1,1,1,1,1,2,1,0,1
19,Feminino,Solteira(o),6,Estudante,0,1,1,1,2,2,2,0,1,2,2,2,2,2,2,1,2,1,3,1,2,2
26,Feminino,Solteira(o),6,Estudante,0,1,1,1,2,1,1,3,2,1,1,2,1,1,1,1,1,1,2,2,2,1
18,Masculino,Solteira(o),4,Estudante,0,0,0,0,0,2,1,0,1,0,2,2,0,1,0,0,0,1,0,1,0,0
21,Feminino,Solteira(o),8,Estudante,0,2,3,0,1,2,2,1,3,1,0,2,3,1,1,1,2,1,3,3,1,0
22,Feminino,Solteira(o),8,Estudante,0,3,3,2,3,3,3,3,3,3,3,3,3,3,3,3,3,3,3,3,3,3
26,Feminino,Casada(o),9,Estudante,1,1,1,1,1,1,1,0,1,1,1,1,1,1,1,0,1,1,1,2,1,0
24,Masculino,Solteira(o),6,Estudante,0,2,1,2,0,3,2,0,2,1,3,2,3,2,3,1,1,1,1,1,1,1
23,Feminino,Solteira(o),8,Estudante e Trabalho,0,1,0,1,2,1,2,2,2,3,2,2,2,1,0,2,2,0,2,2,2,1
22,Feminino,Solteira(o),8,Estudante e Trabalho,0,1,2,0,0,2,1,1,1,0,0,3,3,1,1,0,0,0,3,0,1,0
21,Feminino,Solteira(o),6,Estudante,0,1,1,0,0,1,1,0,0,0,1,1,1,1,0,0,0,0,0,1,0,0
23,Feminino,Casada(o),10,Estudante,0,3,2,1,1,2,2,1,2,3,2,3,3,3,2,2,1,1,2,1,2,1
31,Feminino,Solteira(o),9,Estudante,1,1,1,0,0,2,0,0,1,0,0,2,1,1,1,0,1,1,1,0,0,0
22,Feminino,Solteira(o),8,Estudante,0,1,0,1,0,2,2,0,0,1,2,1,1,1,2,0,1,0,3,1,0,1
22,Feminino,Solteira(o),8,Estudante e Trabalho,0,1,1,0,1,2,1,2,2,1,1,2,1,1,0,0,1,1,2,2,0,0
31,Masculino,Casada(o),8,Estudante e Trabalho,0,2,1,0,1,2,2,2,2,0,0,3,2,0,1,0,1,0,1,3,2,0
24,Feminino,Solteira(o),8,Estudante,0,3,3,3,2,3,3,0,3,3,0,1,3,3,3,3,3,0,0,3,3,0
24,Feminino,Solteira(o),8,Estudante,0,1,0,0,1,3,1,0,1,3,0,1,2,0,0,1,0,0,2,2,2,0
22,Feminino,Solteira(o),8,Estudante e Trabalho,0,2,1,0,2,1,3,2,2,1,0,3,2,1,1,1,0,2,2,1,1,1
22,Feminino,Solteira(o),8,Estudante e Trabalho,0,3,0,1,0,3,3,1,2,3,2,3,3,2,2,2,1,1,3,1,0,0
21,Feminino,Solteira(o),8,Estudante,0,1,0,0,1,1,1,0,1,1,0,2,2,1,0,0,0,0,1,0,0,0
26,Masculino,Solteira(o),8,Estudante e Trabalho,0,0,1,1,0,0,0,0,1,1,0,1,1,0,0,0,0,0,1,0,0,0
22,Masculino,Solteira(o),3,Estudante,0,1,-1,0,-1,-1,2,2,1,0,2,2,2,1,2,0,1,0,2,1,0,0
17,Masculino,Solteira(o),6,Estudante,0,0,0,2,1,0,2,1,2,1,-1,1,1,3,0,1,1,1,2,0,2,0
18,Masculino,Solteira(o),1,Estudante,0,2,1,1,1,1,1,0,1,1,1,0,2,0,2,0,0,1,2,-1,0,0
28,Masculino,Solteira(o),6,Estudante,0,1,2,2,3,2,1,2,1,1,0,2,3,2,1,1,1,2,1,1,1,-2
24,Masculino,Solteira(o),4,Estudante,0,2,1,1,1,1,0,1,2,2,1,2,1,2,4,0,0,2,2,1,3,0
27,Masculino,Solteira(o),6,Estudante,0,3,-1,1,0,-1,0,1,1,2,1,2,3,2,2,2,1,2,4,2,1,0
24,Masculino,Solteira(o),6,Estudante,0,1,1,1,3,1,3,2,2,3,1,1,2,4,2,-1,1,2,0,1,0,1
18,Masculino,Solteira(o),9,Estudante,0,1,1,1,1,1,3,0,2,-1,2,1,4,-1,3,2,1,1,2,0,3,0
22,Masculino,Solteira(o),11,Estudante,0,1,0,2,2,0,4,1,1,1,0,2,1,0,0,-2,2,1,1,1,1,0
25,Masculino,Solteira(o),3,Estudante,0,1,0,1,1,0,2,0,3,3,1,2,2,3,1,1,2,0,4,2,-1,2
18,Masculino,Solteira(o),5,Estudante,0,1,0,1,0,0,1,0,1,1,1,0,1,1,3,1,1,3,0,1,0,0
30,Masculino,Solteira(o),7,Estudante,0,1,1,2,2,1,1,2,2,1,1,2,1,2,0,0,0,1,1,1,1,1
27,Masculino,Solteira(o),3,Estudante,0,2,2,1,3,2,3,1,3,1,1,2,3,1,0,2,1,1,2,1,1,0
26,Masculino,Solteira(o),3,Estudante,0,2,1,0,0,1,2,2,1,1,2,2,3,0,2,0,1,1,2,1,1,0
26,Masculino,Solteira(o),1,Estudante,0,2,1,1,2,1,3,1,1,1,-1,2,0,3,1,1,2,1,4,0,0,2
24,Masculino,Solteira(o),3,Estudante,0,0,2,1,1,2,1,1,1,0,1,1,3,2,2,0,0,2,2,2,2,1
26,Masculino,Solteira(o),4,Estudante,0,1,0,2,1,0,3,0,1,0,1,3,1,2,1,0,0,2,2,2,0,0
26,Masculino,Solteira(o),5,Estudante,0,1,2,2,3,2,2,1,2,2,1,1,2,0,2,3,1,1,3,1,0,1
15,Masculino,Solteira(o),6,Estudante,0,2,0,1,2,0,1,3,1,1,0,3,2,1,2,2,2,-1,1,2,2,1
27,Masculino,Solteira(o),7,Estudante,0,2,0,0,2,0,2,0,0,2,2,3,0,2,1,0,1,-1,2,-1,0,0
25,Masculino,Solteira(o),2,Estudante,0,1,2,0,0,2,2,1,1,2,2,2,4,2,1,2,0,3,1,1,1,0
17,Masculino,Solteira(o),5,Estudante,0,2,1,1,1,1,1,0,0,4,0,1,2,2,1,-1,2,2,3,0,2,0
27,Masculino,Solteira(o),5,Estudante,0,1,1,1,1,1,1,1,2,1,2,2,4,0,2,2,1,0,1,2,2,1
28,Masculino,Solteira(o),4,Estudante,0,1,1,0,2,1,3,1,1,0,2,2,2,1,2,0,0,1,2,3,0,0
23,Masculino,Solteira(o),8,Estudante,0,2,2,0,2,2,0,1,0,0,2,1,2,2,2,-1,2,1,3,-1,1,2
27,Masculino,Solteira(o),9,Estudante,0,2,1,0,0,1,2,3,0,2,2,2,2,2,-1,1,1,2,1,0,1,1
26,Masculino,Solteira(o),4,Estudante,0,1,1,0,0,1,1,2,2,1,-1,2,2,0,1,1,3,1,3,3,1,1
13,Masculino,Solteira(o),5,Estudante,0,1,1,1,2,1,1,2,2,1,2,0,1,1,3,-1,1,2,2,2,1,1
20,Masculino,Solteira(o),3,Estudante,0,2,-1,2,2,-1,-1,2,2,1,0,0,1,-1,1,0,1,2,1,1,1,2
16,Masculino,Solteira(o),8,Estudante,0,0,1,1,1,1,2,1,1,3,2,2,1,1,2,0,1,2,3,1,2,3
25,Masculino,Solteira(o),3,Estudante,0,1,2,1,1,2,2,1,3,2,2,2,2,0,1,1,2,1,3,0,-1,-1
27,Masculino,Solteira(o),2,Estudante,0,2,1,1,0,1,2,1,1,1,0,0,3,1,1,1,-1,2,1,0,2,1
19,Masculino,Solteira(o),7,Estudante,0,1,1,0,2,1,2,1,2,1,2,3,3,2,2,3,1,1,3,2,1,1
18,Masculino,Solteira(o),5,Estudante,0,2,0,0,1,0,1,2,2,1,1,1,1,0,2,2,1,1,2,2,1,2
25,Masculino,Solteira(o),7,Estudante,0,3,0,0,1,0,1,3,1,-1,0,2,2,3,3,1,0,1,3,0,2,0
21,Masculino,Solteira(o),2,Estudante,0,2,1,0,1,1,2,2,1,0,1,2,2,0,1,1,2,1,3,1,1,0
21,Masculino,Solteira(o),5,Estudante,0,2,1,0,2,1,0,2,2,0,1,1,1,1,0,0,0,3,2,-1,2,0
22,Masculino,Solteira(o),4,Estudante,0,0,1,0,1,1,2,1,1,1,1,3,1,2,1,0,0,0,2,0,1,1
23,Masculino,Solteira(o),5,Estudante,0,1,2,1,1,2,2,1,1,1,0,1,3,1,3,-1,1,1,5,-1,1,1
25,Masculino,Solteira(o),7,Estudante,0,1,1,2,2,1,1,1,2,-1,1,2,2,1,1,2,0,3,1,1,0,0
26,Masculino,Solteira(o),4,Estudante,0,1,1,1,3,1,1,1,0,1,0,2,2,1,2,0,2,1,0,0,1,1
25,Masculino,Solteira(o),5,Estudante,0,0,0,0,1,0,2,2,2,0,0,1,3,0,3,4,0,3,2,1,2,-1
18,Masculino,Solteira(o),5,Estudante,0,2,1,1,1,1,2,1,2,0,1,1,2,1,0,1,2,-1,3,1,1,1
32,Masculino,Solteira(o),8,Estudante,0,2,1,0,2,1,2,2,2,2,2,1,1,0,0,1,1,2,2,0,2,1
24,Masculino,Solteira(o),1,Estudante,0,3,1,0,2,1,2,0,1,-1,1,3,1,1,0,2,1,1,2,2,-1,1
23,Masculino,Solteira(o),6,Estudante,0,1,1,1,2,1,1,1,2,-1,-2,1,1,2,2,1,1,0,1,2,1,1
24,Masculino,Solteira(o),5,Estudante,0,0,2,0,3,2,2,1,1,0,0,1,1,1,1,1,1,1,1,3,0,0
26,Masculino,Solteira(o),2,Estudante,0,1,1,2,0,1,0,0,2,3,0,0,1,3,2,2,0,1,-1,2,2,0
20,Masculino,Solteira(o),8,Estudante,0,2,0,1,0,0,0,1,2,1,0,2,2,1,1,2,1,2,2,0,-1,1
22,Masculino,Solteira(o),2,Estudante,0,0,1,0,1,1,2,2,1,0,2,2,3,0,3,2,1,0,2,2,0,1
18,Masculino,Solteira(o),4,Estudante,0,1,1,0,2,1,3,1,1,2,0,1,1,3,2,2,0,2,1,2,3,1
20,Masculino,Solteira(o),7,Estudante,0,2,2,0,0,2,2,0,1,0,2,2,0,2,2,1,1,2,2,1,1,1
27,Masculino,Solteira(o),2,Estudante,0,3,2,1,0,2,0,3,-1,1,2,4,0,2,0,0,0,0,3,1,1,2
22,Masculino,Solteira(o),7,Estudante,0,2,2,1,1,2,2,-1,1,1,0,2,0,3,3,0,2,-1,3,1,0,-1
21,Masculino,Solteira(o),4,Estudante,0,0,2,0,0,2,4,2,2,1,0,1,1,2,2,0,-1,0,4,1,2,1
28,Masculino,Solteira(o),7,Estudante,0,2,1,1,2,1,1,1,2,1,1,2,1,1,1,1,1,1,2,1,1,0
17,Masculino,Solteira(o),2,Estudante,0,2,1,1,1,1,2,0,3,-1,2,2,4,2,1,2,0,2,2,0,1,-1
22,Masculino,Solteira(o),5,Estudante,0,1,1,2,1,1,2,-2,1,1,0,2,3,2,1,1,2,1,0,2,1,-1
22,Masculino,Solteira(o),9,Estudante,0,3,0,0,1,0,1,1,3,0,1,2,1,-1,2,1,1,1,3,0,2,1
29,Masculino,Solteira(o),6,Estudante,0,2,2,1,1,2,2,0,2,0,3,2,2,2,3,3,1,0,4,2,1,0
22,Masculino,Solteira(o),1,Estudante,0,2,1,-1,1,1,-1,-1,1,4,1,3,2,0,0,1,1,1,2,1,2,0
29,Masculino,Solteira(o),2,Estudante,0,2,0,0,0,0,2,1,-1,2,1,1,3,3,1,2,1,2,0,2,1,0
27,Masculino,Solteira(o),5,Estudante,0,0,2,1,2,2,2,0,1,2,0,2,1,1,1,2,1,2,2,0,1,2
23,Masculino,Solteira(o),10,Estudante,0,1,1,-1,1,1,1,1,1,0,2,3,1,1,0,0,1,1,4,2,3,0
24,Masculino,Solteira(o),11,Estudante,0,0,0,1,1,0,2,0,1,0,1,2,2,3,2,3,1,2,2,2,2,0
24,Masculino,Solteira(o),8,Estudante,0,1,1,1,0,1,2,1,2,1,0,2,2,0,2,1,-1,-1,1,2,-1,-2
30,Masculino,Solteira(o),2,Estudante,0,0,4,-1,2,4,1,1,2,1,2,2,3,2,0,1,0,-1,3,0,2,0
11,Masculino,Solteira(o),3,Estudante,0,1,3,1,0,3,0,2,2,2,1,3,2,0,0,1,2,1,2,1,1,1
26,Masculino,Solteira(o),2,Estudante,0,1,0,0,3,0,1,2,0,1,2,2,2,0,3,1,0,-1,3,3,2,1
25,Masculino,Solteira(o),5,Estudante,0,2,-1,0,2,-1,2,1,3,1,1,2,1,-1,3,3,1,0,1,1,2,-1
16,Masculino,Solteira(o),4,Estudante,0,2,1,1,3,1,1,0,3,2,1,1,3,1,-1,1,0,-1,1,0,2,-1
17,Masculino,Solteira(o),2,Estudante,0,1,0,1,1,0,0,4,0,3,1,3,2,2,3,0,1,2,4,0,1,0
22,Masculino,Solteira(o),1,Estudante,0,1,0,2,2,0,1,1,2,1,1,3,2,2,0,2,-1,1,2,1,1,1
20,Masculino,Solteira(o),8,Estudante,0,1,0,1,3,0,2,1,2,1,1,1,2,0,0,1,2,0,1,1,2,-1
33,Masculino,Solteira(o),5,Estudante,0,2,0,0,1,0,0,1,2,2,-1,3,3,1,1,1,1,0,2,1,1,0
16,Masculino,Solteira(o),2,Estudante,0,3,-1,0,3,-1,0,1,3,2,0,1,1,1,1,0,1,0,3,0,1,0
26,Masculino,Solteira(o),10,Estudante,0,1,0,0,-1,0,2,0,0,1,2,2,1,1,0,2,1,0,1,2,2,1
18,Masculino,Solteira(o),8,Estudante,0,1,0,0,1,0,1,0,1,1,1,2,0,3,0,1,1,1,2,3,1,2
25,Masculino,Solteira(o),5,Estudante,0,1,1,-1,1,1,2,1,2,0,0,2,1,1,1,2,1,1,1,2,2,1
26,Masculino,Solteira(o),1,Estudante,0,1,3,0,0,3,0,2,0,0,1,0,2,2,2,3,2,4,-2,-1,1,2
23,Masculino,Solteira(o),2,Estudante,0,3,3,1,0,3,1,2,1,2,3,2,3,0,1,1,0,-1,3,2,2,0
20,Masculino,Solteira(o),7,Estudante,0,1,1,0,2,1,2,1,1,-2,0,3,2,-1,-1,2,2,1,1,2,1,0
24,Masculino,Solteira(o),2,Estudante,0,2,0,-1,3,0,2,0,1,0,1,2,1,1,1,1,2,1,3,2,1,0
25,Masculino,Solteira(o),1,Estudante,0,2,1,0,3,1,1,1,1,1,1,2,1,2,2,1,1,1,1,2,2,0
24,Masculino,Solteira(o),7,Estudante,0,3,0,0,1,0,2,2,0,2,2,1,2,1,1,1,3,-1,2,1,2,0
15,Masculino,Solteira(o),5,Estudante,0,1,1,0,2,1,2,2,2,2,1,2,2,1,1,1,1,0,2,2,2,1
20,Masculino,Solteira(o),8,Estudante,0,1,1,-1,3,1,2,2,3,2,-1,2,3,1,3,1,0,0,1,1,2,2
20,Masculino,Solteira(o),7,Estudante,0,2,2,1,3,2,2,1,3,1,1,3,3,1,1,2,1,1,1,1,1,0
29,Masculino,Solteira(o),1,Estudante,0,1,1,2,0,1,3,0,1,1,2,2,2,2,0,-1,2,1,0,2,3,1
25,Masculino,Solteira(o),2,Estudante,0,1,1,0,4,1,3,0,1,2,2,3,2,0,1,-1,0,0,2,3,0,-1
25,Masculino,Solteira(o),3,Estudante,0,0,1,0,2,1,2,1,3,2,0,1,1,0,1,2,1,1,0,2,1,2
17,Masculino,Solteira(o),5,Estudante,0,1,0,1,1,0,0,2,0,0,3,1,1,1,1,1,0,2,2,0,-1,1
21,Masculino,Solteira(o),1,Estudante,0,1,0,1,3,0,3,1,1,2,-1,1,1,2,1,0,0,1,1,2,1,0
21,Masculino,Solteira(o),8,Estudante,0,2,3,1,1,3,4,2,1,2,0,3,2,2,1,2,0,2,1,-1,0,0
15,Masculino,Solteira(o),9,Estudante,0,1,2,0,1,2,1,2,2,0,2,2,1,2,0,0,1,1,2,0,2,0
24,Masculino,Solteira(o),2,Estudante,0,1,-1,1,2,-1,1,1,1,2,1,3,1,2,1,3,2,0,2,1,-1,0
26,Masculino,Solteira(o),7,Estudante,0,0,1,0,1,1,3,-1,0,1,1,1,3,1,2,1,2,0,3,2,0,0
18,Masculino,Solteira(o),3,Estudante,0,1,0,1,1,0,2,1,1,1,1,3,1,1,1,1,0,-1,3,1,1,3
24,Masculino,Solteira(o),8,Estudante,0,3,1,0,2,1,1,0,3,2,1,0,3,3,2,1,0,1,3,2,3,0
21,Masculino,Solteira(o),3,Estudante,0,1,0,1,2,0,2,1,2,1,0,1,2,2,-1,1,0,0,3,1,3,1
29,Masculino,Solteira(o),4,Estudante,0,1,0,0,2,0,1,1,1,1,2,1,2,1,0,2,1,1,2,0,0,1
20,Masculino,Solteira(o),8,Estudante,0,2,3,0,1,3,1,0,1,2,1,2,3,0,1,0,-1,2,1,3,2,1
22,Masculino,Solteira(o),5,Estudante,0,1,2,2,2,2,-1,1,0,2,0,2,3,0,1,1,1,1,0,0,1,0
21,Masculino,Solteira(o),1,Estudante,0,1,1,0,2,1,0,3,1,-1,0,3,3,0,2,1,1,0,0,2,1,3
22,Masculino,Solteira(o),6,Estudante,0,2,0,0,-1,0,-1,0,0,-1,1,3,1,-1,1,1,1,1,2,0,1,0
16,Masculino,Solteira(o),5,Estudante,0,2,1,1,0,1,2,1,2,1,1,1,1,1,1,0,0,1,3,0,1,1
27,Feminino,Solteira(o),0,Estudante,0,1,1,0,2,1,3,0,1,2,0,2,2,0,2,1,0,0,1,0,1,2
24,Feminino,Solteira(o),2,Estudante,0,2,1,1,1,1,2,1,1,2,0,1,3,0,0,3,1,2,3,3,-1,0
20,Feminino,Solteira(o),4,Estudante,0,2,3,1,2,3,1,2,2,2,2,2,2,2,2,1,0,3,3,1,3,0
22,Feminino,Solteira(o),7,Estudante,0,1,0,2,-1,0,1,1,-1,3,-1,1,1,2,1,1,1,-1,0,3,2,1
23,Feminino,Solteira(o),8,Estudante,0,2,1,2,2,1,2,1,1,1,1,2,2,2,2,3,0,1,1,1,2,1
22,Feminino,Solteira(o),5,Estudante,0,1,2,2,2,2,2,2,3,1,1,1,2,2,0,0,0,-1,2,2,1,0
16,Feminino,Solteira(o),3,Estudante,0,2,1,1,1,1,-1,0,1,1,2,2,3,2,0,3,2,1,2,1,2,0
21,Feminino,Solteira(o),2,Estudante,0,1,2,0,1,2,1,1,1,3,0,3,2,2,0,2,1,0,3,1,0,1
16,Feminino,Solteira(o),4,Estudante,0,1,1,2,1,1,0,3,2,3,0,1,2,1,2,1,0,0,2,2,2,1
19,Feminino,Solteira(o),8,Estudante,0,0,0,0,1,0,0,1,2,2,1,3,2,2,0,0,2,2,2,1,0,-1
29,Feminino,Solteira(o),2,Estudante,0,3,1,2,3,1,3,-1,1,2,1,2,2,2,0,1,1,2,2,3,-1,0
29,Feminino,Solteira(o),6,Estudante,0,1,0,1,3,0,1,0,1,0,1,3,2,0,2,0,2,2,2,0,0,-1
22,Feminino,Solteira(o),6,Estudante,0,2,3,1,1,3,2,1,2,2,2,2,0,2,2,-1,0,2,3,1,1,1
27,Feminino,Solteira(o),3,Estudante,0,1,0,1,2,0,2,1,1,3,3,1,3,1,0,0,1,1,3,2,1,0
20,Feminino,Solteira(o),2,Estudante,0,1,1,1,2,1,0,-1,0,3,-1,2,2,2,1,1,0,2,0,-1,-1,1
21,Feminino,Solteira(o),5,Estudante,0,2,2,0,2,2,1,3,1,3,1,2,2,3,1,2,1,1,3,1,-1,0
16,Feminino,Solteira(o),9,Estudante,0,2,1,1,0,1,2,1,2,4,0,0,3,1,1,3,1,0,1,1,0,1
17,Feminino,Solteira(o),11,Estudante,0,2,2,0,1,2,1,0,1,2,1,1,1,2,3,0,2,1,2,0,-1,1
24,Feminino,Solteira(o),7,Estudante,0,0,1,1,2,1,1,1,3,0,0,2,0,0,2,1,1,2,0,3,0,0
19,Feminino,Solteira(o),7,Estudante,0,0,0,1,1,0,1,2,2,1,1,1,1,1,0,0,1,0,2,0,1,1
19,Feminino,Solteira(o),2,Estudante,0,2,2,0,2,2,0,0,2,3,0,0,1,0,1,1,2,1,1,1,1,1
17,Feminino,Solteira(o),7,Estudante,0,3,0,1,2,0,1,1,1,3,0,3,2,2,2,0,1,1,0,2,1,2
16,Feminino,Solteira(o),8,Estudante,0,1,2,0,-1,2,2,0,2,0,2,2,1,2,2,2,0,1,2,0,2,3
30,Feminino,Solteira(o),8,Estudante,0,1,2,0,3,2,3,-1,3,2,0,1,2,2,0,1,0,1,2,3,1,2
26,Feminino,Solteira(o),6,Estudante,0,1,0,1,3,0,2,1,1,2,1,4,1,1,2,0,1,1,2,0,2,1
22,Feminino,Solteira(o),11,Estudante,0,2,2,0,2,2,2,0,1,3,-2,3,0,2,1,1,0,1,2,2,1,1
20,Feminino,Solteira(o),2,Estudante,0,1,2,1,0,2,1,2,2,2,1,3,3,1,0,0,1,1,1,-1,1,1
29,Feminino,Solteira(o),5,Estudante,0,2,1,0,0,1,1,1,0,2,0,2,1,2,1,2,0,1,1,3,1,-1
17,Feminino,Solteira(o),8,Estudante,0,2,1,-1,1,1,3,1,-1,-1,1,0,1,1,0,2,0,0,3,0,-1,2
24,Feminino,Solteira(o),5,Estudante,0,2,2,1,1,2,2,3,1,1,1,1,2,2,1,0,2,1,4,2,0,0
21,Feminino,Solteira(o),4,Estudante,0,1,2,2,0,2,2,2,1,3,2,3,1,1,0,2,1,2,1,2,0,2
27,Feminino,Solteira(o),5,Estudante,0,1,0,0,0,0,0,1,0,0,1,1,0,0,1,1,1,2,1,2,1,0
27,Feminino,Solteira(o),2,Estudante,0,2,0,1,0,0,0,2,1,1,0,2,2,3,1,0,2,0,1,2,2,2
21,Feminino,Solteira(o),10,Estudante,0,1,0,1,1,0,2,-1,2,1,1,2,2,1,2,1,1,1,2,1,2,0
23,Feminino,Solteira(o),6,Estudante,0,1,0,0,2,0,1,2,2,1,1,3,2,0,2,0,1,1,4,2,2,0
12,Feminino,Solteira(o),3,Estudante,0,2,2,0,2,2,1,2,3,1,1,3,1,0,1,2,1,2,2,1,0,0
26,Feminino,Solteira(o),3,Estudante,0,2,0,0,1,0,0,1,2,3,2,1,2,3,0,2,0,2,0,2,1,1
21,Feminino,Solteira(o),9,Estudante,0,1,0,0,1,0,1,2,0,1,-1,3,3,1,1,1,1,2,3,1,1,1
23,Feminino,Solteira(o),5,Estudante,0,0,1,1,1,1,1,2,1,0,0,0,1,2,2,1,2,1,2,0,0,1
26,Feminino,Solteira(o),5,Estudante,0,1,2,1,1,2,3,0,1,2,1,2,1,1,0,-1,0,0,2,1,2,1
28,Feminino,Solteira(o),1,Estudante,0,1,0,1,-1,0,0,2,2,1,2,1,2,3,1,2,1,-1,0,1,1,0
19,Feminino,Solteira(o),1,Estudante,0,2,0,0,1,0,1,1,1,3,1,3,1,1,0,1,1,1,2,2,2,2
22,Feminino,Solteira(o),7,Estudante,0,2,1,-1,3,1,1,0,1,-1,1,1,1,4,1,0,1,2,1,2,0,1
24,Feminino,Solteira(o),5,Estudante,0,1,0,2,0,0,2,4,1,2,2,1,2,0,2,-1,2,0,0,2,2,1
30,Feminino,Solteira(o),7,Estudante,0,1,0,1,2,0,3,0,1,1,0,0,3,2,2,1,2,1,0,-1,0,2
23,Feminino,Solteira(o),2,Estudante,0,2,1,0,3,1,1,2,0,1,1,2,2,3,1,2,0,1,1,0,2,0
24,Feminino,Solteira(o),8,Estudante,0,2,1,1,2,1,1,0,1,1,1,1,2,2,1,2,2,1,2,2,1,-1
19,Feminino,Solteira(o),8,Estudante,0,2,1,1,-1,1,1,0,2,1,1,1,1,0,1,0,3,0,1,3,0,1
24,Feminino,Solteira(o),3,Estudante,0,2,1,1,1,1,2,1,2,2,0,1,0,1,2,1,1,2,1,0,2,2
23,Feminino,Solteira(o),8,Estudante,0,2,1,1,1,1,1,1,1,-1,3,1,0,2,2,1,0,4,3,1,2,1
22,Feminino,Solteira(o),2,Estudante,0,2,2,0,2,2,-1,1,1,2,2,1,2,0,0,1,0,0,1,1,1,0
24,Feminino,Solteira(o),7,Estudante,0,1,1,1,2,1,2,0,1,0,1,1,1,1,1,1,2,1,1,1,3,0
23,Feminino,Solteira(o),7,Estudante,0,2,2,0,1,2,2,0,2,1,2,2,0,2,1,1,1,1,2,2,1,2
21,Feminino,Solteira(o),3,Estudante,0,2,1,1,-1,1,1,0,4,4,0,1,3,0,2,1,0,0,1,3,1,2
22,Feminino,Solteira(o),6,Estudante,0,2,-1,1,1,-1,1,1,1,1,0,0,3,1,1,0,1,1,1,1,1,0
23,Feminino,Solteira(o),7,Estudante,0,2,2,1,1,2,2,0,2,1,2,2,2,1,0,2,1,1,2,1,2,2
16,Feminino,Solteira(o),7,Estudante,0,1,0,1,2,0,3,-3,2,2,0,-1,2,1,0,2,0,1,2,2,1,2
25,Feminino,Solteira(o),9,Estudante,0,1,2,1,1,2,1,1,0,1,1,1,2,3,0,0,0,1,2,2,1,0
19,Feminino,Solteira(o),1,Estudante,0,3,0,2,0,0,2,1,0,0,0,3,2,1,2,1,3,2,0,1,1,1
17,Feminino,Casada(o),8,Estudante,0,2,2,1,0,2,1,1,1,2,2,0,2,1,2,1,2,1,2,0,0,2
18,Feminino,Casada(o),7,Estudante,0,1,1,0,2,1,1,0,3,1,0,2,2,0,0,3,1,1,2,3,1,2
25,Feminino,Casada(o),4,Estudante,0,1,2,0,2,2,2,1,2,4,3,2,1,-1,2,1,1,2,2,2,2,0
29,Feminino,Casada(o),1,Estudante,0,1,1,1,-1,1,-1,3,0,0,1,2,2,1,0,2,1,1,0,-1,2,-1
30,Feminino,Casada(o),6,Estudante,0,1,2,1,1,2,1,2,0,1,2,1,1,0,0,2,0,1,2,-1,0,1
19,Feminino,Casada(o),4,Estudante,0,2,2,-1,1,2,1,3,2,0,1,0,2,3,1,-1,2,1,2,1,1,1
22,Feminino,Casada(o),1,Estudante,0,1,2,1,2,2,2,0,2,5,1,1,2,1,1,1,1,1,1,1,2,0
23,Feminino,Casada(o),8,Estudante,0,0,1,0,1,1,1,1,1,1,0,0,3,1,0,2,0,1,3,1,2,0
18,Feminino,Casada(o),6,Estudante,0,2,2,1,2,2,0,1,1,3,1,0,1,1,1,0,2,2,-1,0,1,0
22,Feminino,Casada(o),8,Estudante,0,0,1,0,1,1,2,2,3,1,3,1,2,1,3,1,0,1,0,0,0,1
15,Feminino,Casada(o),11,Estudante,0,-1,1,1,1,1,-1,-1,2,2,2,1,3,0,0,2,1,0,4,1,0,0
24,Feminino,Casada(o),6,Estudante,0,0,0,1,2,0,2,3,1,0,1,2,0,0,1,0,1,2,2,0,0,1
24,Feminino,Casada(o),2,Estudante,0,1,-1,0,1,-1,2,1,1,1,2,2,1,2,1,0,2,1,3,3,2,1
21,Feminino,Casada(o),8,Estudante,0,0,0,0,3,0,3,0,1,2,2,2,2,1,3,2,2,0,1,2,0,1
22,Feminino,Casada(o),4,Estudante,0,2,2,1,2,2,1,1,3,3,0,0,3,1,-1,3,1,1,1,3,0,1
21,Feminino,Casada(o),2,Estudante,0,1,1,1,-1,1,1,3,1,1,1,2,1,2,2,-1,1,2,2,3,2,1
21,Feminino,Casada(o),7,Estudante,0,3,2,1,1,2,1,0,2,1,2,1,0,0,3,1,0,2,1,1,0,0
28,Feminino,Casada(o),3,Estudante,0,1,0,2,1,0,2,-1,2,2,2,2,2,2,2,1,1,1,2,-1,0,-1
19,Feminino,Casada(o),6,Estudante,0,1,1,2,0,1,1,1,3,2,2,1,2,1,1,2,1,0,3,0,2,1
16,Feminino,Casada(o),7,Estudante,0,1,2,1,2,2,0,2,1,2,0,4,2,0,1,-1,2,3,1,0,1,-1
24,Feminino,Casada(o),10,Estudante,0,0,1,0,2,1,1,1,1,2,3,3,0,2,2,0,-1,1,3,0,3,2
22,Feminino,Solteira(o),5,Estudante,0,2,2,0,1,2,0,1,1,3,1,4,1,1,2,1,3,0,4,1,2,1
20,Feminino,Solteira(o),3,Estudante,0,1,-1,0,1,-1,2,0,0,1,0,0,2,1,2,2,2,1,2,2,2,1
22,Feminino,Solteira(o),8,Estudante,0,1,2,1,1,2,0,1,2,0,1,2,2,1,2,0,1,2,1,3,1,1
24,Feminino,Solteira(o),1,Estudante,0,2,3,2,0,3,1,1,2,1,0,2,1,-1,3,2,1,0,3,1,0,1
21,Feminino,Solteira(o),7,Estudante,0,0,1,1,2,1,0,2,2,1,1,1,2,1,1,0,0,0,3,2,1,0
24,Feminino,Solteira(o),7,Estudante,0,2,1,1,1,1,4,2,0,1,1,2,2,1,0,0,1,0,2,1,1,0
23,Feminino,Solteira(o),2,Estudante,0,1,2,1,2,2,3,2,-1,1,1,1,2,2,1,2,2,0,3,2,1,0
19,Feminino,Solteira(o),6,Estudante,0,2,0,0,0,0,1,-2,1,1,1,2,4,1,0,0,1,0,1,3,1,-1
20,Feminino,Solteira(o),2,Estudante,0,1,-1,1,-2,-1,2,1,2,2,1,3,2,3,2,1,1,1,2,1,3,1
22,Feminino,Solteira(o),7,Estudante,0,0,1,1,1,1,2,-1,1,1,2,2,1,1,0,0,1,1,2,2,0,0
20,Feminino,Solteira(o),9,Estudante,0,0,1,1,1,1,0,0,2,0,0,1,2,2,1,1,1,2,3,3,1,3
17,Feminino,Solteira(o),10,Estudante,0,1,2,2,1,2,4,-1,2,0,1,1,1,2,0,2,1,0,2,0,1,0
20,Feminino,Solteira(o),2,Estudante,0,1,1,0,2,1,0,1,3,2,2,2,2,1,1,0,0,1,1,3,1,1
24,Feminino,Solteira(o),3,Estudante,0,0,2,1,3,2,1,3,1,0,2,1,3,2,2,1,1,1,1,1,0,2
16,Feminino,Solteira(o),12,Estudante,0,2,2,0,2,2,2,1,2,0,1,3,1,0,1,-1,-1,1,3,3,0,1
22,Feminino,Solteira(o),1,Estudante,0,2,0,1,0,0,2,1,1,2,2,2,2,1,1,0,1,2,1,-2,-2,1
20,Feminino,Solteira(o),4,Estudante,0,2,1,1,1,1,-1,0,1,0,0,1,3,2,0,0,1,1,2,2,2,1
30,Feminino,Solteira(o),3,Estudante,0,2,0,1,2,0,0,2,1,2,2,3,1,1,1,1,1,1,2,1,-1,0
19,Feminino,Solteira(o),5,Estudante,0,1,3,0,-1,3,0,2,0,1,1,1,2,1,1,1,2,0,2,2,1,0
24,Feminino,Solteira(o),7,Estudante,0,1,1,1,2,1,2,1,1,3,0,1,1,1,1,3,2,3,2,2,2,0
18,Feminino,Solteira(o),10,Estudante,0,2,1,0,1,1,1,3,2,0,3,2,1,1,1,0,0,1,2,0,2,1
20,Feminino,Solteira(o),2,Estudante,0,2,1,1,2,1,2,0,1,3,2,0,2,1,3,0,1,1,0,0,1,1
20,Feminino,Solteira(o),8,Estudante,0,1,1,0,2,1,2,1,2,1,0,0,1,1,1,0,2,1,3,2,0,1
22,Feminino,Solteira(o),4,Estudante,0,0,1,2,2,1,1,2,3,2,1,2,1,1,0,2,0,1,2,1,-1,1
31,Feminino,Solteira(o),8,Estudante,0,2,1,0,2,1,1,0,2,1,2,3,2,2,1,3,1,3,2,4,1,1
25,Feminino,Solteira(o),7,Estudante,0,2,2,1,2,2,1,2,2,1,1,3,4,0,2,2,2,1,2,2,1,1
31,Feminino,Solteira(o),3,Estudante,0,2,0,1,1,0,1,-3,1,3,3,0,0,1,2,1,0,1,1,2,3,1
19,Feminino,Solteira(o),6,Estudante,0,0,2,2,1,2,0,1,0,3,4,0,1,3,3,0,0,-1,1,1,3,1
29,Feminino,Solteira(o),8,Estudante,0,0,0,0,2,0,0,1,2,3,0,1,3,4,2,1,1,1,1,0,1,1
23,Feminino,Solteira(o),4,Estudante,0,1,2,1,2,2,1,3,2,-1,0,-1,2,0,0,2,3,2,2,1,1,1
23,Feminino,Solteira(o),1,Estudante,0,2,0,0,1,0,2,2,-1,1,0,1,2,1,1,0,1,1,1,1,-1,0
23,Feminino,Solteira(o),7,Estudante,0,2,0,1,1,0,1,2,1,3,-1,2,3,3,1,1,1,1,2,1,1,0
28,Feminino,Solteira(o),8,Estudante,0,1,2,0,0,2,1,1,1,2,1,2,0,2,0,0,0,0,1,-1,1,1
23,Feminino,Solteira(o),5,Estudante,0,2,0,1,1,0,2,1,1,0,1,2,1,3,2,2,1,0,2,0,0,1
15,Feminino,Solteira(o),5,Estudante,0,2,2,1,1,2,1,1,2,2,1,1,1,1,1,0,1,1,2,3,2,0
20,Feminino,Solteira(o),3,Estudante,0,1,1,0,2,1,1,2,1,0,1,1,0,0,1,2,0,1,1,2,1,2
14,Feminino,Solteira(o),3,Estudante,0,3,2,1,2,2,3,1,0,1,-1,2,3,1,2,1,1,2,1,1,1,1
22,Feminino,Solteira(o),11,Estudante,0,2,2,1,1,2,2,3,0,3,2,1,1,1,1,1,2,1,3,1,1,-1
23,Feminino,Solteira(o),1,Estudante,0,1,0,1,0,0,2,1,2,2,-1,2,1,1,0,2,1,0,2,1,-1,1
25,Feminino,Solteira(o),6,Estudante,0,1,-1,1,0,-1,2,1,1,0,1,1,3,1,2,2,1,1,1,1,2,2
21,Feminino,Solteira(o),7,Estudante,0,2,1,1,2,1,2,2,1,3,1,2,3,2,0,0,-1,1,1,1,1,1
30,Feminino,Solteira(o),7,Estudante,0,0,-1,1,2,-1,0,0,2,1,1,2,2,0,1,1,2,1,2,1,2,3
16,Feminino,Solteira(o),9,Estudante,0,2,2,1,1,2,2,-2,1,1,1,0,2,1,2,3,-1,1,2,1,3,1
28,Feminino,Solteira(o),4,Estudante,0,3,1,2,3,1,1,1,2,3,2,2,3,2,2,1,1,-1,2,0,2,2
22,Feminino,Solteira(o),4,Estudante,0,2,1,1,2,1,2,2,3,0,1,1,2,2,1,1,2,1,1,2,2,0
27,Feminino,Solteira(o),8,Estudante,0,1,0,0,1,0,1,1,4,0,2,3,3,2,2,0,2,0,0,0,0,-1
23,Feminino,Solteira(o),4,Estudante,0,1,1,0,0,1,2,1,1,0,1,1,2,0,2,2,2,2,1,1,1,1
22,Feminino,Solteira(o),1,Estudante,0,1,0,1,1,0,2,2,0,1,-1,2,1,1,1,1,1,1,0,-1,2,1
21,Feminino,Solteira(o),7,Estudante,0,1,-1,-1,0,-1,1,0,2,0,-1,2,0,1,0,2,0,0,2,0,-1,1
28,Feminino,Solteira(o),11,Estudante,0,2,2,0,2,2,1,1,1,3,1,1,1,3,1,1,0,0,3,0,1,0
26,Feminino,Solteira(o),9,Estudante,0,1,0,1,2,0,1,1,3,2,2,2,1,1,0,1,3,2,1,3,3,0
29,Feminino,Solteira(o),6,Estudante,0,2,2,1,1,2,3,1,1,1,-2,1,2,1,2,0,2,1,2,1,1,0
18,Feminino,Solteira(o),8,Estudante,0,2,2,0,1,2,2,1,1,1,0,2,2,2,0,-1,1,1,3,1,0,1
21,Feminino,Solteira(o),7,Estudante,0,2,2,1,1,2,1,2,2,1,0,1,2,0,0,2,0,0,4,1,1,1
24,Feminino,Solteira(o),2,Estudante,0,2,1,1,1,1,0,2,1,1,2,1,0,1,1,1,1,2,1,-1,2,-1
20,Feminino,Solteira(o),3,Estudante,0,2,0,1,2,0,1,0,2,1,1,2,1,1,-1,3,1,1,1,2,1,0
22,Feminino,Solteira(o),10,Estudante,0,2,2,0,1,2,3,1,1,1,1,1,1,1,2,0,1,2,1,2,0,0
23,Feminino,Solteira(o),8,Estudante,0,2,2,0,0,2,2,0,1,2,-1,1,2,0,1,4,0,1,3,0,1,0
23,Feminino,Solteira(o),3,Estudante,0,3,1,0,3,1,1,1,2,0,2,2,3,3,1,2,-1,2,3,2,1,0
25,Feminino,Solteira(o),5,Estudante,0,2,0,0,2,0,1,1,3,1,-1,0,4,2,1,1,1,2,2,1,1,0
24,Feminino,Solteira(o),5,Estudante,0,1,1,1,0,1,1,0,1,2,2,2,3,3,2,3,-1,-2,3,1,1,1
17,Feminino,Solteira(o),7,Estudante,0,2,1,1,2,1,1,2,2,0,2,2,1,0,2,2,0,1,1,2,0,3
26,Feminino,Solteira(o),6,Estudante,0,1,1,0,1,1,1,2,0,2,1,1,2,1,2,1,1,1,2,1,0,1
28,Feminino,Solteira(o),5,Estudante,0,3,1,1,0,1,2,1,-1,0,1,2,3,2,1,2,1,1,2,2,2,-1
21,Feminino,Solteira(o),4,Estudante,0,1,1,2,0,1,2,1,2,0,2,0,2,1,1,-1,2,0,1,3,3,0
17,Feminino,Solteira(o),8,Estudante,0,1,-1,1,1,-1,2,3,2,0,1,1,3,0,2,1,1,1,1,0,0,0
19,Feminino,Solteira(o),3,Estudante,0,0,2,1,1,2,3,1,2,1,0,1,3,0,1,1,0,1,1,2,2,1
32,Feminino,Solteira(o),7,Estudante,0,0,2,1,2,2,3,1,2,0,0,1,4,0,0,-1,0,2,3,2,1,0
22,Feminino,Solteira(o),9,Estudante,0,2,1,1,3,1,2,1,0,-1,2,2,1,3,1,2,2,1,3,1,1,1
13,Feminino,Solteira(o),2,Estudante,0,1,2,0,2,2,0,0,1,0,-1,-1,0,2,2,1,0,0,2,3,3,1
33,Feminino,Solteira(o),3,Estudante,0,1,0,1,1,0,1,0,2,2,1,2,1,1,3,0,1,2,0,2,-1,1
28,Feminino,Solteira(o),4,Estudante,0,3,2,0,0,2,1,2,1,0,1,2,2,1,3,1,0,1,3,3,1,1
26,Feminino,Solteira(o),5,Estudante,0,1,1,1,2,1,1,3,1,2,1,0,1,0,1,1,1,0,0,1,0,1
19,Feminino,Solteira(o),3,Estudante,0,1,1,0,1,1,1,1,-1,-1,-1,1,1,1,0,1,1,1,4,1,0,2
15,Feminino,Solteira(o),9,Estudante,0,1,-2,0,2,-2,1,0,1,2,3,1,2,2,2,0,0,1,0,2,2,0
25,Feminino,Solteira(o),3,Estudante,0,-1,1,0,1,1,-1,1,2,1,2,1,1,2,0,2,1,2,2,2,0,1
21,Feminino,Solteira(o),1,Estudante,0,1,0,1,3,0,3,0,0,1,1,1,2,1,1,0,1,0,2,1,0,-1
18,Feminino,Solteira(o),8,Estudante,0,1,2,1,1,2,2,1,2,4,1,2,3,0,1,2,1,2,2,0,2,1
24,Feminino,Solteira(o),10,Estudante,0,2,2,1,1,2,2,1,3,3,1,2,2,1,2,1,1,-1,1,1,1,1
21,Feminino,Solteira(o),12,Estudante,0,1,1,0,1,1,1,-2,4,1,2,2,1,1,1,-1,0,1,0,3,-1,1
28,Feminino,Solteira(o),5,Estudante,0,0,2,2,1,2,2,1,1,0,1,1,3,-1,2,1,1,1,1,2,2,0
19,Feminino,Solteira(o),9,Estudante,0,0,0,1,2,0,2,0,1,0,0,2,1,3,1,1,0,1,4,0,1,0
23,Feminino,Solteira(o),2,Estudante,0,2,1,1,0,1,1,0,2,2,2,1,2,1,0,0,2,1,1,2,1,3
27,Feminino,Solteira(o),4,Estudante,0,2,1,2,1,1,2,1,1,1,0,0,0,1,1,2,1,1,2,3,0,1
32,Feminino,Solteira(o),8,Estudante,0,2,0,0,1,0,1,1,2,-1,3,1,1,2,0,0,1,1,4,2,1,2
20,Feminino,Solteira(o),4,Estudante,0,1,1,0,1,1,3,0,2,2,2,3,2,1,2,1,1,0,-1,2,1,1
24,Feminino,Solteira(o),8,Estudante,0,0,1,1,2,1,3,0,0,3,0,2,1,2,1,2,2,1,3,1,3,0
25,Feminino,Solteira(o),4,Estudante,0,2,0,1,2,0,0,3,2,0,1,2,1,2,3,0,0,0,1,-1,2,0
31,Feminino,Solteira(o),5,Estudante,0,2,1,0,1,1,1,1,2,2,1,2,2,2,0,2,1,1,2,2,1,2
15,Feminino,Solteira(o),1,Estudante,0,2,1,1,1,1,2,0,2,0,0,1,1,1,2,1,1,1,2,2,0,1
23,Feminino,Solteira(o),3,Estudante,0,1,0,1,1,0,2,2,1,2,1,3,2,1,0,0,0,2,2,0,1,1
30,Feminino,Solteira(o),6,Estudante,0,2,1,1,1,1,2,0,2,1,2,0,2,1,2,2,0,2,2,2,1,-1
23,Feminino,Solteira(o),9,Estudante,0,2,2,0,1,2,1,1,2,3,0,2,3,1,0,0,2,1,4,1,2,0
20,Feminino,Solteira(o),3,Estudante,0,2,1,0,3,1,2,0,2,-2,2,1,3,0,-1,1,0,0,1,1,2,0
28,Feminino,Solteira(o),1,Estudante,0,0,2,1,1,2,2,2,1,1,1,1,3,0,1,1,1,2,1,1,0,1
21,Feminino,Solteira(o),6,Estudante,0,4,1,0,2,1,2,0,0,2,1,-1,1,0,2,0,1,0,3,2,2,0
17,Feminino,Solteira(o),9,Estudante,0,2,0,0,1,0,1,2,1,2,-1,1,3,0,2,0,0,2,3,1,-1,1
22,Feminino,Solteira(o),8,Estudante,0,1,0,1,1,0,-1,1,2,1,0,1,1,1,0,1,2,2,3,1,0,2
21,Feminino,Solteira(o),4,Estudante,0,2,1,0,1,1,1,1,2,0,2,2,2,1,1,1,0,2,1,2,0,1
15,Feminino,Solteira(o),9,Estudante,0,1,4,2,2,4,1,1,2,0,3,2,2,2,1,2,0,-1,1,2,2,1
21,Feminino,Solteira(o),3,Estudante,0,2,2,1,2,2,0,1,1,2,1,2,2,2,1,0,2,0,3,1,1,1
24,Feminino,Solteira(o),5,Estudante,0,1,2,2,1,2,1,1,2,2,1,0,2,2,3,0,1,1,2,2,1,1
20,Feminino,Solteira(o),7,Estudante,0,0,2,0,1,2,2,1,2,0,0,3,2,3,1,1,2,1,1,2,1,0
28,Feminino,Solteira(o),7,Estudante,0,2,-1,1,-1,-1,2,2,3,2,0,2,1,2,1,2,0,2,1,1,1,0
18,Feminino,Solteira(o),1,Estudante,0,2,1,1,1,1,-1,1,2,1,1,2,1,0,1,1,2,0,1,0,2,0
22,Feminino,Solteira(o),11,Estudante,0,1,1,2,1,1,0,1,1,0,2,1,3,0,1,1,2,0,1,0,2,0
19,Feminino,Solteira(o),0,Estudante,0,1,1,2,1,1,0,0,3,2,-2,3,0,0,1,1,0,1,1,3,1,0
22,Feminino,Solteira(o),11,Estudante,0,1,1,1,1,1,1,2,4,3,-1,2,1,-1,2,3,2,0,3,1,1,2
22,Feminino,Solteira(o),7,Estudante,0,2,2,2,2,2,3,1,3,1,2,1,3,0,2,2,1,2,1,0,1,1
27,Feminino,Solteira(o),9,Estudante,0,2,1,0,1,1,2,-1,1,2,0,2,2,1,2,1,0,2,1,2,-2,1
21,Feminino,Solteira(o),3,Estudante,0,1,1,-1,1,1,3,1,2,1,0,3,2,1,1,1,1,1,2,1,-1,1
23,Feminino,Solteira(o),6,Estudante,0,2,0,1,2,0,2,1,2,0,1,3,1,2,1,1,1,-1,1,2,0,-1
28,Feminino,Solteira(o),10,Estudante,0,2,0,2,1,0,2,0,1,0,1,2,1,2,1,1,0,0,2,2,2,-1
21,Feminino,Solteira(o),8,Estudante,0,2,1,0,1,1,0,2,2,1,2,-1,2,2,1,2,0,1,2,3,1,1
21,Feminino,Solteira(o),1,Estudante,0,3,0,0,3,0,0,1,1,0,1,2,1,1,2,1,2,1,0,0,0,2
23,Feminino,Solteira(o),8,Estudante,0,1,0,1,2,0,1,0,1,1,1,1,2,1,1,1,1,1,1,2,1,2
25,Feminino,Solteira(o),12,Estudante,0,1,2,0,0,2,2,1,3,1,1,2,1,2,3,0,2,0,1,3,1,1
24,Feminino,Solteira(o),2,Estudante,0,2,3,1,2,3,1,1,1,1,1,1,0,0,1,1,2,0,3,1,0,1
22,Feminino,Solteira(o),8,Estudante,0,1,1,1,2,1,1,1,1,2,1,2,1,2,3,0,2,1,1,1,2,2
18,Feminino,Solteira(o),5,Estudante,0,2,1,2,1,1,1,3,2,0,2,1,1,1,1,1,1,1,0,-1,2,0
17,Feminino,Solteira(o),8,Estudante,0,0,2,-1,0,2,1,0,3,1,1,3,2,1,3,1,1,1,4,1,3,1
32,Feminino,Solteira(o),6,Estudante,0,2,0,0,0,0,0,3,2,1,0,1,2,1,2,1,0,0,-1,2,2,2
24,Feminino,Solteira(o),0,Estudante,0,1,1,1,1,1,2,1,0,1,1,3,2,0,1,0,3,-1,2,2,1,1
21,Feminino,Solteira(o),2,Estudante,0,1,1,1,1,1,3,1,0,-1,2,3,1,3,0,2,2,0,0,0,0,1
23,Feminino,Solteira(o),6,Estudante,0,2,0,1,0,0,2,1,2,1,0,2,1,1,0,1,1,3,2,2,0,1
20,Feminino,Solteira(o),1,Estudante,0,2,0,0,1,0,2,1,3,2,2,1,3,-1,1,1,1,2,2,2,1,1
17,Feminino,Solteira(o),7,Estudante,0,1,0,0,2,0,0,0,2,1,0,1,2,1,1,1,2,2,3,3,0,2
19,Feminino,Solteira(o),5,Estudante,0,0,0,1,3,0,1,1,4,2,0,2,2,2,1,2,1,1,1,3,1,2
25,Feminino,Solteira(o),6,Estudante,0,2,1,0,2,1,2,0,3,2,1,2,2,1,2,-1,2,1,2,0,3,1
19,Feminino,Solteira(o),9,Estudante,0,1,2,1,0,2,0,1,2,1,2,1,1,0,1,1,2,1,4,1,2,0
22,Feminino,Solteira(o),5,Estudante,0,1,1,0,0,1,0,1,1,3,1,1,2,1,1,2,2,2,1,1,2,0
24,Feminino,Solteira(o),5,Estudante,0,1,0,2,2,0,0,1,1,1,0,2,2,2,1,1,1,1,2,3,0,1
18,Feminino,Solteira(o),5,Estudante,0,2,0,1,0,0,2,-1,0,0,0,2,2,1,1,1,-1,1,2,0,2,1
22,Feminino,Solteira(o),7,Estudante,0,1,0,0,2,0,2,1,2,2,1,2,2,2,1,0,2,0,3,1,-1,1
27,Feminino,Solteira(o),3,Estudante,0,2,2,0,2,2,2,2,1,0,1,2,2,2,2,1,1,1,4,2,1,2
27,Feminino,Solteira(o),4,Estudante,0,1,0,1,2,0,3,3,3,1,1,1,1,1,0,2,3,0,3,3,1,1
13,Feminino,Solteira(o),5,Estudante,0,1,2,0,1,2,1,2,2,3,-1,2,2,2,2,1,1,0,2,2,2,0
24,Feminino,Solteira(o),5,Estudante,0,2,0,1,1,0,1,3,1,1,1,1,3,-1,1,2,1,1,2,1,1,-1
19,Feminino,Solteira(o),5,Estudante,0,1,1,1,0,1,1,2,1,2,1,1,2,1,2,1,2,0,1,1,2,-1
27,Feminino,Solteira(o),7,Estudante,0,1,1,1,1,1,2,0,1,2,0,1,1,2,2,1,0,2,1,3,-1,0
12,Feminino,Solteira(o),7,Estudante,0,2,2,1,1,2,1,3,2,0,0,1,1,2,2,-1,2,2,1,2,1,1
24,Feminino,Solteira(o),1,Estudante,0,1,0,0,1,0,2,3,1,0,1,2,1,1,1,2,1,1,0,3,0,2
19,Feminino,Solteira(o),4,Estudante,0,1,2,1,3,2,-1,0,2,2,1,2,2,2,1,1,2,1,3,0,1,1
24,Feminino,Solteira(o),6,Estudante,0,0,1,-1,1,1,2,3,2,1,0,3,2,-1,2,-1,1,0,0,0,0,1
18,Feminino,Solteira(o),5,Estudante,0,1,1,1,0,1,1,-1,2,1,1,2,2,1,1,1,0,1,3,2,1,1
23,Feminino,Solteira(o),4,Estudante,0,1,4,0,1,4,0,2,2,1,1,0,1,1,1,0,1,1,4,2,1,1
22,Feminino,Solteira(o),2,Estudante,0,2,2,1,2,2,-1,1,2,3,0,1,0,1,1,2,0,2,1,1,2,-1
21,Feminino,Solteira(o),2,Estudante,0,1,1,1,3,1,0,2,0,2,1,2,1,1,0,2,0,1,2,2,3,0
22,Feminino,Solteira(o),3,Estudante,0,1,0,2,2,0,1,1,2,1,0,2,1,0,1,0,-1,0,0,1,1,0
33,Feminino,Solteira(o),5,Estudante,0,3,1,1,1,1,2,2,2,2,-1,3,3,2,2,1,0,2,1,0,-1,-1
24,Feminino,Solteira(o),6,Estudante,0,2,2,1,3,2,0,1,3,1,1,2,2,1,1,3,2,1,2,1,1,1
19,Feminino,Solteira(o),7,Estudante,0,0,2,0,2,2,4,2,1,1,3,2,2,1,1,0,2,0,4,0,1,0
19,Feminino,Solteira(o),2,Estudante,0,0,1,1,0,1,2,0,2,2,1,1,1,2,2,2,2,2,1,2,1,-1
26,Feminino,Solteira(o),1,Estudante,0,1,1,1,0,1,1,1,1,1,0,1,1,-1,2,2,1,0,3,2,1,2
24,Feminino,Solteira(o),10,Estudante,0,0,2,1,2,2,1,1,2,1,2,3,3,2,2,0,2,-1,1,2,2,0
28,Feminino,Solteira(o),6,Estudante,0,2,2,1,4,2,1,2,0,2,0,3,3,2,-2,1,-1,-1,1,1,1,1
20,Feminino,Solteira(o),2,Estudante,0,2,1,1,1,1,1,0,1,2,1,1,3,-1,0,3,0,-2,1,1,2,2
22,Feminino,Solteira(o),8,Estudante,0,1,-1,1,0,-1,3,0,3,1,3,3,1,1,0,2,1,1,3,2,0,2
23,Feminino,Solteira(o),6,Estudante,0,2,3,1,2,3,1,1,1,2,0,1,2,2,2,1,0,1,3,2,2,2
31,Feminino,Solteira(o),9,Estudante,0,0,3,1,0,3,2,1,2,2,2,4,2,2,2,2,0,0,1,0,1,1
24,Feminino,Solteira(o),1,Estudante,1,3,1,2,4,1,0,0,1,2,1,2,2,0,1,1,3,1,2,1,1,2
18,Feminino,Solteira(o),2,Estudante,0,1,2,2,1,2,1,0,2,1,1,3,1,1,2,2,3,2,2,1,1,1
19,Feminino,Solteira(o),7,Estudante,0,2,1,1,2,1,1,1,0,-1,0,1,2,1,1,1,1,2,2,2,2,3
32,Feminino,Solteira(o),2,Estudante,0,2,1,2,1,1,1,1,2,2,2,1,4,0,0,2,2,1,4,1,0,2
18,Feminino,Solteira(o),4,Estudante,0,1,1,1,1,1,1,1,1,3,1,2,0,2,1,0,1,0,2,2,2,0
27,Feminino,Solteira(o),4,Estudante,0,2,2,2,1,2,3,0,2,1,1,1,2,3,2,1,1,-1,3,2,2,1
20,Feminino,Solteira(o),0,Estudante,0,1,1,1,1,1,1,-1,1,3,2,1,2,1,1,0,-2,2,2,2,0,2
24,Feminino,Solteira(o),3,Estudante,0,2,0,1,1,0,1,0,0,0,-1,2,1,1,0,2,1,-1,1,1,1,0
20,Feminino,Solteira(o),4,Estudante,0,3,0,1,-1,0,0,3,0,0,1,2,1,0,1,1,2,2,4,1,2,3
24,Feminino,Solteira(o),9,Estudante,0,1,2,1,0,2,2,0,1,1,0,2,2,2,2,2,1,0,3,2,3,0
23,Feminino,Solteira(o),3,Estudante,0,2,1,0,2,1,2,1,3,1,0,2,2,2,1,0,1,1,2,3,0,0
17,Feminino,Solteira(o),8,Estudante,0,2,1,2,1,1,1,2,1,0,-1,3,1,2,2,-1,1,1,2,3,1,0
32,Feminino,Solteira(o),4,Estudante,0,1,1,-1,0,1,2,2,1,1,1,1,3,0,3,2,2,1,2,1,1,2
24,Feminino,Solteira(o),8,Estudante,0,2,1,0,1,1,2,2,2,2,2,1,2,2,0,0,1,1,2,0,2,2
20,Feminino,Solteira(o),8,Estudante,0,1,1,1,1,1,2,1,2,1,2,2,1,2,1,0,-1,2,3,2,2,2
17,Feminino,Solteira(o),5,Estudante,0,0,2,0,3,2,1,0,1,1,2,3,3,1,1,0,0,1,2,1,2,0
20,Feminino,Solteira(o),2,Estudante,0,0,3,0,1,3,0,1,2,0,0,1,1,0,2,0,1,1,3,3,1,1
22,Feminino,Solteira(o),7,Estudante,1,1,0,1,0,0,2,-1,2,1,1,2,1,1,1,3,0,0,3,2,2,0
21,Feminino,Solteira(o),4,Estudante,0,2,1,-1,3,1,2,2,2,2,2,3,0,1,0,1,0,1,2,2,3,1
17,Feminino,Solteira(o),5,Estudante,0,1,0,0,1,0,1,3,2,2,1,2,1,2,0,2,1,0,2,1,2,3
20,Feminino,Solteira(o),2,Estudante,0,1,1,1,0,1,4,1,3,1,2,2,1,1,2,1,0,2,2,2,1,2
24,Feminino,Solteira(o),7,Estudante,0,1,0,1,2,0,2,1,2,1,2,2,1,2,0,2,0,2,-1,2,1,2
18,Feminino,Solteira(o),5,Estudante,0,1,1,0,3,1,0,2,0,1,2,2,2,0,1,0,2,2,3,2,2,0
25,Feminino,Solteira(o),9,Estudante,0,1,2,0,2,2,2,0,2,0,1,0,2,1,2,1,1,1,3,3,1,2
19,Feminino,Solteira(o),4,Estudante,0,1,0,2,0,0,3,2,3,1,0,1,3,1,1,1,1,1,4,1,3,-1
18,Feminino,Solteira(o),10,Estudante,0,1,1,1,3,1,2,2,1,3,1,1,1,2,0,1,1,0,1,0,3,0
23,Feminino,Solteira(o),4,Estudante,0,1,1,1,-1,1,0,-1,1,1,1,3,3,1,0,1,1,2,1,3,0,1
17,Feminino,Solteira(o),3,Estudante,0,2,1,-2,0,1,0,1,1,1,0,2,1,1,1,0,1,1,2,4,1,1
25,Feminino,Solteira(o),10,Estudante,0,2,2,1,1,2,1,1,2,2,1,1,3,3,2,0,1,-1,1,0,0,0
31,Feminino,Solteira(o),5,Estudante,0,2,0,0,3,0,1,2,2,3,1,3,0,1,1,1,1,2,3,1,-1,0
24,Feminino,Solteira(o),4,Estudante,0,2,0,0,3,0,2,1,2,3,2,4,2,3,1,3,1,2,2,2,1,0
23,Feminino,Solteira(o),4,Estudante,0,1,3,1,1,3,4,1,3,1,1,-1,1,2,2,0,1,2,3,1,1,-1
18,Feminino,Solteira(o),9,Estudante,0,2,0,1,1,0,1,0,1,0,0,1,2,1,1,1,2,1,2,1,-1,0
18,Feminino,Solteira(o),6,Estudante,0,1,2,1,2,2,3,1,2,1,2,1,1,2,1,1,2,3,2,2,0,2
21,Feminino,Solteira(o),5,Estudante,0,1,1,1,3,1,0,1,2,2,3,1,2,2,2,1,1,0,1,2,4,2
17,Feminino,Solteira(o),2,Estudante,0,3,2,2,2,2,0,2,1,0,1,2,2,1,1,0,1,0,0,1,1,3
24,Feminino,Solteira(o),7,Estudante,0,2,1,1,2,1,1,1,0,2,2,1,1,1,1,2,0,0,1,1,2,0
24,Feminino,Solteira(o),2,Estudante,0,1,1,1,1,1,1,1,1,3,0,2,2,1,0,2,1,0,0,2,-1,1
23,Feminino,Solteira(o),7,Estudante,0,1,1,0,1,1,1,1,2,3,0,3,2,0,1,0,1,2,1,1,2,1
27,Feminino,Solteira(o),7,Estudante,0,1,2,0,1,2,2,1,1,0,1,1,0,1,0,1,2,0,3,-1,0,1
22,Feminino,Solteira(o),4,Estudante,0,1,1,1,2,1,1,1,1,1,2,2,1,2,1,0,1,0,1,2,2,2
26,Feminino,Solteira(o),8,Estudante,0,1,0,1,2,0,2,1,2,1,1,1,2,1,1,1,1,2,0,0,0,2
25,Feminino,Solteira(o),0,Estudante,0,2,3,2,2,3,2,1,2,2,2,1,2,2,2,2,1,0,2,2,1,2
18,Feminino,Solteira(o),4,Estudante,0,1,2,1,2,2,0,-1,2,2,1,1,1,1,2,2,2,2,0,0,2,2
23,Feminino,Solteira(o),8,Estudante,0,1,2,0,2,2,3,3,2,1,0,2,2,2,1,1,1,-2,3,2,-1,0
28,Feminino,Solteira(o),3,Estudante,0,2,1,0,2,1,2,0,1,1,3,1,2,1,0,2,0,1,3,1,1,3
13,Feminino,Solteira(o),4,Estudante,0,1,0,1,0,0,2,1,0,0,0,2,1,1,1,-1,0,1,0,1,1,0
31,Feminino,Solteira(o),7,Estudante,0,0,2,0,-1,2,1,0,0,1,0,2,1,3,0,-1,1,-1,3,4,0,1
20,Feminino,Solteira(o),6,Estudante,0,0,0,1,1,0,-1,2,3,1,1,2,2,0,2,1,1,0,2,2,1,0
30,Feminino,Solteira(o),2,Estudante,0,2,1,2,2,1,2,2,2,2,0,2,1,2,2,1,1,3,3,3,1,1
26,Feminino,Solteira(o),5,Estudante,0,0,3,-1,2,3,1,-1,1,1,-1,2,1,0,3,1,0,0,0,1,2,0
23,Feminino,Solteira(o),3,Estudante,0,1,0,1,0,0,3,1,1,2,1,2,0,2,2,2,1,0,1,3,2,-1
19,Feminino,Solteira(o),4,Estudante,0,1,1,0,1,1,2,1,1,2,2,2,2,-1,1,1,1,2,2,0,2,1
22,Feminino,Solteira(o),1,Estudante,0,-1,0,1,3,0,0,1,2,3,3,2,1,2,2,2,1,0,4,2,2,1
19,Feminino,Solteira(o),9,Estudante,0,2,0,2,1,0,1,2,1,2,3,1,1,0,1,2,1,1,1,1,2,0
26,Feminino,Solteira(o),4,Estudante,0,2,1,1,1,1,1,1,2,0,1,1,1,1,2,1,0,1,0,1,2,1
25,Feminino,Solteira(o),9,Estudante,0,3,1,1,0,1,2,0,0,1,0,0,1,2,1,2,0,1,2,3,0,1
22,Feminino,Solteira(o),2,Estudante,0,1,2,1,1,2,2,1,2,1,0,0,2,1,2,1,0,1,2,2,3,0
21,Feminino,Solteira(o),7,Estudante,0,1,0,0,0,0,1,0,4,2,1,2,2,1,1,1,-1,0,1,1,0,1
21,Feminino,Solteira(o),10,Estudante,0,2,1,0,1,1,1,2,1,1,1,2,1,0,2,1,3,0,2,1,1,0
29,Feminino,Solteira(o),7,Estudante,0,2,0,1,1,0,1,2,2,0,2,1,3,2,2,0,1,1,0,2,2,0
20,Feminino,Solteira(o),1,Estudante,0,3,0,1,1,0,2,1,0,2,1,4,2,2,3,-1,1,0,1,2,2,1
27,Feminino,Solteira(o),3,Estudante,0,2,1,0,1,1,1,1,2,3,1,0,3,0,1,0,1,1,1,1,1,0
21,Feminino,Solteira(o),6,Estudante,0,1,3,0,1,3,0,0,2,1,1,2,2,3,1,1,2,1,3,2,1,1
35,Feminino,Solteira(o),9,Estudante,0,1,1,0,2,1,0,0,2,1,2,2,1,3,1,0,1,3,4,4,2,3
30,Feminino,Solteira(o),6,Estudante,0,2,2,2,0,2,2,2,1,0,0,1,1,0,3,1,2,0,2,0,2,1
23,Feminino,Solteira(o),4,Estudante,0,1,2,1,0,2,1,2,1,2,0,-1,1,1,1,2,1,2,2,2,-1,0
27,Feminino,Solteira(o),7,Estudante,0,2,3,1,0,3,0,2,2,1,0,1,1,2,2,1,0,1,0,1,1,-1
28,Feminino,Solteira(o),7,Estudante,0,3,2,0,2,2,2,1,1,2,0,1,2,1,3,2,2,0,2,3,2,2
19,Feminino,Solteira(o),3,Estudante,1,0,2,0,1,2,0,0,1,3,2,2,-1,0,1,1,1,-1,1,0,3,0
23,Feminino,Solteira(o),5,Estudante,0,1,1,-1,1,1,1,2,3,2,1,1,3,0,1,-1,2,0,1,2,2,2
25,Feminino,Solteira(o),7,Estudante,0,1,0,1,1,0,2,1,2,1,1,2,2,1,0,-1,2,1,3,1,0,-1
16,Feminino,Solteira(o),7,Estudante,0,1,0,0,0,0,1,0,2,2,0,3,2,2,0,1,3,0,3,1,2,3
25,Feminino,Solteira(o),10,Estudante,0,2,1,1,0,1,1,-1,3,4,0,2,-1,1,0,1,2,2,3,1,3,0
24,Feminino,Solteira(o),3,Estudante,0,2,2,1,0,2,1,1,3,1,1,1,2,1,2,1,1,0,1,1,2,0
34,Feminino,Solteira(o),5,Estudante,0,1,1,1,1,1,1,1,3,2,-1,2,3,1,1,1,0,2,3,1,4,-1
18,Feminino,Solteira(o),6,Estudante,0,2,2,0,-1,2,1,1,1,3,2,1,1,2,2,2,0,2,2,2,0,0
17,Feminino,Solteira(o),1,Estudante,0,2,-1,0,2,-1,0,1,1,2,0,2,2,1,2,1,0,-2,2,1,1,1
22,Feminino,Solteira(o),12,Estudante,0,1,1,1,0,1,1,1,2,0,1,3,2,1,0,1,1,0,2,1,2,2
21,Feminino,Solteira(o),4,Estudante,0,2,0,2,2,0,1,1,2,0,-1,2,1,1,2,2,0,1,3,1,0,1
28,Feminino,Solteira(o),3,Estudante,0,2,2,0,0,2,1,0,3,2,2,2,1,0,0,0,0,3,2,2,3,1
26,Feminino,Solteira(o),10,Estudante,0,2,0,-1,0,0,2,0,1,1,-1,2,1,1,2,2,-1,1,2,1,2,0
29,Feminino,Solteira(o),3,Estudante,0,0,1,1,2,1,1,0,1,2,0,1,2,0,2,0,2,0,2,4,3,0
21,Feminino,Solteira(o),6,Estudante,0,3,2,2,0,2,2,2,2,2,2,1,2,0,1,1,1,2,4,1,2,1
18,Feminino,Solteira(o),1,Estudante,0,1,2,0,1,2,2,0,0,-1,2,2,3,0,-1,2,1,1,2,2,2,1
22,Feminino,Solteira(o),9,Estudante,0,2,2,1,2,2,1,3,2,2,0,2,1,4,1,1,0,2,3,2,2,0
21,Feminino,Solteira(o),2,Estudante,0,0,2,0,2,2,2,1,1,3,2,2,2,2,2,1,1,0,1,-1,3,1
30,Feminino,Solteira(o),7,Estudante,0,1,2,1,0,2,2,1,1,2,2,2,1,0,2,2,2,0,1,3,2,1
26,Feminino,Solteira(o),5,Estudante,0,1,1,1,1,1,2,1,2,0,0,2,3,1,1,1,2,0,1,1,1,-1
21,Feminino,Solteira(o),6,Estudante,0,2,1,1,0,1,1,-1,-2,3,0,3,3,2,1,0,1,1,2,0,-1,0
16,Feminino,Solteira(o),3,Estudante,0,2,1,2,0,1,2,0,2,3,3,0,1,1,0,1,0,-1,3,2,2,0
22,Feminino,Solteira(o),1,Estudante,0,0,1,0,3,1,3,1,2,3,2,2,2,3,0,1,1,0,0,2,2,2
15,Feminino,Solteira(o),9,Estudante,0,2,2,2,2,2,2,1,2,1,1,2,4,1,1,2,1,1,2,2,1,0
22,Feminino,Solteira(o),2,Estudante,0,1,2,1,0,2,1,0,1,1,2,2,4,1,2,3,0,1,2,3,0,0
22,Feminino,Solteira(o),6,Estudante,0,1,0,0,2,0,2,1,-1,-1,1,0,1,2,1,2,0,1,3,0,1,1
24,Feminino,Solteira(o),7,Estudante,0,1,0,1,1,0,1,0,2,1,2,2,1,1,0,1,0,2,3,0,1,1
25,Feminino,Solteira(o),4,Estudante,0,1,2,1,0,2,2,2,1,1,1,2,2,1,3,0,1,0,2,2,0,0
17,Feminino,Solteira(o),12,Estudante,0,1,3,0,0,3,4,1,0,2,2,1,3,2,1,1,0,1,2,1,1,1
26,Feminino,Solteira(o),8,Estudante,0,2,1,0,1,1,1,1,1,2,2,3,3,1,0,1,1,3,2,2,1,2
26,Feminino,Solteira(o),1,Estudante,0,2,1,0,0,1,2,2,1,0,1,2,3,2,2,1,2,2,3,2,3,2
20,Feminino,Solteira(o),1,Estudante,0,2,0,1,1,0,0,0,2,0,2,0,3,1,1,0,1,1,2,1,0,1
12,Feminino,Solteira(o),3,Estudante,0,1,2,2,2,2,2,1,3,1,2,0,1,0,2,2,0,1,0,2,1,0
18,Feminino,Solteira(o),5,Estudante,0,1,0,1,1,0,0,-1,1,3,3,4,3,1,2,-1,0,-1,4,2,1,1
27,Feminino,Solteira(o),3,Estudante,0,1,1,1,1,1,0,0,0,1,1,0,1,2,2,1,0,0,3,0,2,1
25,Feminino,Solteira(o),2,Estudante,0,1,1,2,0,1,1,1,2,0,3,3,2,0,0,1,1,2,3,3,2,0
18,Feminino,Solteira(o),9,Estudante,0,2,2,0,1,2,2,-1,3,2,0,1,2,3,-1,3,1,2,2,2,1,1
17,Feminino,Solteira(o),6,Estudante,0,2,2,0,1,2,1,1,1,1,0,2,3,1,2,0,0,0,1,1,-1,-1
20,Feminino,Solteira(o),8,Estudante,0,1,0,1,1,0,0,3,1,2,1,0,4,2,1,-1,0,0,2,1,3,0
26,Feminino,Solteira(o),9,Estudante,0,2,1,0,1,1,3,1,0,0,1,2,1,0,1,1,1,0,1,2,2,0
29,Feminino,Solteira(o),5,Estudante,0,2,1,0,0,1,0,0,2,2,1,1,3,3,1,2,1,2,1,2,2,1
28,Feminino,Solteira(o),4,Estudante,0,0,2,1,0,2,4,0,1,2,0,3,3,2,1,-1,3,1,2,0,1,-1
21,Feminino,Solteira(o),2,Estudante,0,2,1,1,0,1,0,0,1,1,0,4,2,1,1,2,1,0,0,1,0,0
24,Feminino,Solteira(o),5,Estudante,0,1,1,0,1,1,2,0,3,1,0,1,1,2,3,2,-1,0,2,0,1,0
26,Feminino,Solteira(o),3,Estudante,0,2,2,1,1,2,3,1,2,0,1,2,1,1,3,0,-1,2,1,2,1,0
25,Feminino,Solteira(o),11,Estudante,0,2,1,1,2,1,2,1,1,1,1,2,1,0,0,1,2,0,3,1,-1,0
26,Feminino,Solteira(o),1,Estudante,0,1,2,-1,0,2,1,2,0,1,0,1,3,3,2,1,0,2,2,3,2,0
29,Feminino,Solteira(o),2,Estudante,0,2,1,2,2,1,0,1,1,1,-1,2,1,3,0,1,1,3,2,0,2,1
20,Feminino,Solteira(o),1,Estudante,0,1,2,1,0,2,2,1,2,2,1,2,1,1,2,2,1,0,0,1,1,1
17,Feminino,Solteira(o),8,Estudante,0,2,1,1,2,1,2,0,3,1,-1,1,3,2,3,0,1,1,2,1,1,-1
18,Feminino,Solteira(o),5,Estudante,0,1,0,0,1,0,2,1,1,1,1,2,2,1,1,-1,1,0,2,2,1,-1
24,Feminino,Solteira(o),4,Estudante,0,2,1,0,2,1,2,2,1,2,3,2,1,2,2,-1,0,-1,0,1,0,1
19,Feminino,Solteira(o),5,Estudante,0,2,3,1,0,3,2,-2,2,1,3,3,2,4,0,-1,1,1,2,2,2,1
24,Feminino,Solteira(o),5,Estudante,0,2,2,1,1,2,1,-2,3,4,0,1,2,2,0,2,2,1,3,1,1,2
21,Feminino,Solteira(o),4,Estudante,0,1,2,0,1,2,1,2,1,1,1,1,2,2,0,1,1,1,1,-1,1,2
16,Feminino,Solteira(o),4,Estudante,0,3,2,0,1,2,3,1,0,3,0,1,1,2,0,2,1,1,0,1,-1,0
14,Feminino,Solteira(o),4,Estudante,0,2,0,2,0,0,1,0,1,2,2,1,1,0,1,1,0,1,2,0,0,1
36,Feminino,Solteira(o),8,Estudante,0,0,3,2,0,3,3,1,2,2,2,0,1,2,1,0,0,0,4,1,1,0
13,Feminino,Solteira(o),10,Estudante,0,1,1,1,1,1,2,0,-1,2,2,2,2,2,3,2,2,2,2,3,2,0
19,Feminino,Solteira(o),5,Estudante,0,1,0,1,1,0,3,1,-1,1,-1,2,1,2,1,2,2,1,1,3,3,-1
20,Feminino,Solteira(o),7,Estudante,0,1,0,1,1,0,1,1,1,0,0,4,3,0,0,3,0,1,1,1,1,0
22,Feminino,Solteira(o),5,Estudante,0,1,-1,0,3,-1,1,0,0,1,0,1,1,0,2,-1,1,0,3,3,3,2
12,Feminino,Solteira(o),8,Estudante,0,1,1,1,2,1,0,1,3,3,1,1,2,0,2,2,0,0,2,1,1,-1
17,Feminino,Solteira(o),5,Estudante,0,2,0,0,1,0,1,0,2,2,0,3,2,2,1,1,2,0,2,2,1,4
18,Feminino,Solteira(o),5,Estudante,0,3,2,1,1,2,2,3,2,1,0,2,1,1,2,2,1,1,1,2,2,-1
24,Feminino,Solteira(o),8,Estudante,0,1,2,1,2,2,0,1,2,1,0,1,2,1,2,1,2,2,1,1,1,0
27,Feminino,Solteira(o),9,Estudante,0,2,0,1,1,0,1,1,0,1,2,1,1,3,3,0,1,0,2,1,3,1
20,Feminino,Solteira(o),9,Estudante,0,1,1,1,0,1,2,1,2,1,2,2,0,3,2,1,2,1,3,2,2,0
28,Feminino,Solteira(o),8,Estudante,0,1,3,0,1,3,1,-1,1,1,2,1,2,0,2,1,1,1,1,1,3,1
20,Feminino,Solteira(o),2,Estudante,0,2,1,1,1,1,4,2,0,-1,0,3,2,3,2,2,1,0,1,3,2,1
26,Feminino,Solteira(o),6,Estudante,0,2,0,0,2,0,0,0,2,2,-1,3,2,2,1,2,1,1,2,2,0,0
23,Feminino,Solteira(o),7,Estudante,0,3,2,-1,0,2,1,0,1,1,1,1,0,2,2,2,1,2,1,1,1,-1
25,Feminino,Solteira(o),7,Estudante,0,2,2,1,1,2,3,2,1,2,0,0,2,1,1,0,2,0,2,-2,2,1
19,Feminino,Solteira(o),5,Estudante,0,0,1,0,1,1,1,3,1,2,1,2,2,2,1,0,0,-1,3,1,1,2
21,Feminino,Solteira(o),5,Estudante,0,2,2,2,2,2,2,2,1,3,0,2,3,1,2,1,1,0,0,1,2,1
22,Feminino,Solteira(o),6,Estudante,0,1,1,1,1,1,0,2,1,4,3,2,2,2,1,2,1,1,1,1,2,2
22,Feminino,Solteira(o),9,Estudante,0,1,1,1,0,1,1,3,1,2,1,0,2,2,3,3,1,1,-1,4,1,-2
22,Feminino,Solteira(o),6,Estudante,0,4,1,0,1,1,0,1,0,-1,0,3,1,1,1,0,0,1,5,3,1,1
27,Feminino,Solteira(o),6,Estudante,0,1,-1,1,2,-1,2,1,1,0,2,2,2,2,1,2,3,1,2,0,1,0
19,Feminino,Solteira(o),5,Estudante,0,1,2,1,-1,2,3,0,4,2,0,2,2,0,-1,1,1,0,2,4,1,1
26,Feminino,Solteira(o),3,Estudante,0,2,0,1,2,0,2,1,2,1,1,2,3,3,0,1,1,1,3,3,1,1
18,Feminino,Solteira(o),12,Estudante,0,2,2,1,-1,2,2,1,1,0,-1,0,1,1,1,0,2,2,3,2,2,0
13,Feminino,Solteira(o),4,Estudante,0,1,0,1,1,0,3,-1,1,2,1,2,2,2,1,1,2,0,1,2,1,2
24,Feminino,Solteira(o),7,Estudante,0,2,3,1,0,3,2,2,0,0,0,1,2,0,2,1,1,1,0,1,2,0
23,Feminino,Solteira(o),3,Estudante,0,1,0,1,0,0,2,1,4,0,2,2,2,1,1,1,0,0,2,-1,0,1
25,Feminino,Solteira(o),1,Estudante,0,2,1,0,2,1,2,1,-1,1,1,1,2,0,0,0,-1,0,3,2,2,1
26,Feminino,Solteira(o),4,Estudante,0,2,2,0,2,2,2,1,1,1,1,1,2,2,1,0,1,1,3,2,4,1
18,Feminino,Solteira(o),9,Estudante,0,1,2,2,2,2,2,0,2,2,0,3,3,1,2,0,0,1,2,2,2,0
18,Feminino,Solteira(o),9,Estudante,0,1,3,0,3,3,2,1,0,2,-1,1,2,2,0,0,1,1,2,0,-1,1
26,Feminino,Solteira(o),7,Estudante,0,-1,1,0,0,1,2,1,2,-1,2,3,2,1,1,1,1,0,2,2,0,1
17,Feminino,Solteira(o),1,Estudante,0,2,2,1,1,2,1,1,3,2,-1,2,2,-1,1,0,1,1,2,2,1,1
26,Feminino,Solteira(o),7,Estudante,0,2,2,2,2,2,1,1,3,2,1,2,3,1,1,0,0,1,1,2,0,1
22,Feminino,Solteira(o),4,Estudante,0,1,1,1,2,1,1,2,2,1,2,1,3,0,2,2,1,-1,2,1,1,1
16,Feminino,Solteira(o),11,Estudante,0,1,3,1,3,3,0,0,3,1,3,2,2,3,1,0,1,0,1,1,-1,2
16,Feminino,Solteira(o),8,Estudante,0,2,1,0,-1,1,1,1,2,4,1,3,2,3,0,1,1,0,1,2,0,2
21,Feminino,Solteira(o),3,Estudante,0,2,3,-1,2,3,2,1,1,2,1,1,2,1,2,1,1,1,3,0,1,1
23,Feminino,Solteira(o),10,Estudante,0,1,2,2,0,2,2,1,1,0,0,3,2,-1,1,2,0,-1,3,2,1,0
27,Feminino,Solteira(o),4,Estudante,0,1,0,0,1,0,0,1,2,-1,2,3,3,1,1,2,1,1,1,1,1,0
30,Feminino,Solteira(o),4,Estudante,0,0,2,0,1,2,3,-1,2,1,3,3,0,3,1,2,1,1,2,2,1,-1
20,Feminino,Solteira(o),7,Estudante,0,2,2,1,1,2,1,2,1,2,0,2,2,2,1,1,1,1,2,1,1,0
24,Feminino,Solteira(o),3,Estudante,0,0,1,1,1,1,1,1,3,0,1,3,1,1,1,1,0,0,3,2,-2,0
24,Feminino,Solteira(o),1,Estudante,0,2,1,1,2,1,2,1,0,3,1,2,3,1,2,1,2,2,2,2,3,2
25,Feminino,Solteira(o),4,Estudante,0,3,2,0,2,2,2,0,1,1,2,-1,2,2,0,1,2,1,2,1,2,-2
21,Feminino,Solteira(o),0,Estudante,0,1,1,0,2,1,2,2,2,2,0,2,4,1,0,1,0,2,2,0,1,0
28,Feminino,Solteira(o),4,Estudante,0,0,1,-1,0,1,1,2,2,1,0,2,2,3,0,1,0,2,2,3,2,1
25,Feminino,Solteira(o),4,Estudante,0,2,0,1,1,0,1,4,3,1,0,3,2,1,1,0,0,0,1,3,1,0
12,Feminino,Solteira(o),5,Estudante,0,0,0,0,1,0,1,0,1,1,0,0,3,0,2,0,1,2,1,1,2,1
25,Feminino,Solteira(o),2,Estudante,0,1,2,0,2,2,2,1,1,0,1,3,1,1,1,1,2,0,1,1,1,3
24,Feminino,Solteira(o),5,Estudante,0,1,1,0,2,1,1,2,0,0,0,2,2,1,2,1,0,-1,-1,-1,1,-2
20,Feminino,Solteira(o),4,Estudante,0,3,-1,0,2,-1,2,2,2,0,0,1,2,2,1,0,1,0,3,0,1,0
23,Feminino,Solteira(o),5,Estudante,0,2,0,2,1,0,1,1,1,2,1,2,2,2,2,2,1,0,3,0,2,2
24,Feminino,Solteira(o),8,Estudante,0,0,2,-1,3,2,2,2,0,1,3,0,2,2,1,1,1,1,1,0,2,0
24,Feminino,Solteira(o),10,Estudante,0,1,1,1,1,1,3,1,2,1,0,2,1,1,-1,0,2,2,1,0,0,1
25,Feminino,Solteira(o),1,Estudante,0,2,1,1,2,1,2,0,0,1,2,1,2,1,1,1,0,1,1,1,3,0
24,Feminino,Solteira(o),2,Estudante,0,3,1,1,1,1,2,-1,2,2,-1,0,2,3,2,1,0,1,1,0,1,0
18,Feminino,Solteira(o),9,Estudante,0,1,2,1,2,2,2,3,1,3,1,2,1,1,1,1,0,3,0,1,2,1
11,Feminino,Solteira(o),8,Estudante,0,1,-1,1,2,-1,1,-1,3,2,1,1,2,3,1,0,1,2,1,3,0,1
20,Feminino,Solteira(o),9,Estudante,0,2,1,1,2,1,0,2,2,1,0,2,3,0,2,1,1,2,1,2,1,0
23,Feminino,Solteira(o),3,Estudante,0,2,1,1,1,1,2,1,1,2,0,2,3,1,1,2,1,1,2,2,1,2
29,Feminino,Solteira(o),8,Estudante,0,1,2,3,3,2,-1,0,0,2,1,2,2,0,1,0,-1,0,1,1,2,0
25,Feminino,Solteira(o),8,Estudante,0,1,2,1,2,2,2,1,1,2,1,2,2,1,1,1,2,0,1,2,2,2
22,Feminino,Solteira(o),6,Estudante,0,2,1,1,2,1,2,2,0,1,1,2,2,2,1,2,1,2,1,-1,0,-1
23,Feminino,Solteira(o),1,Estudante,0,1,0,1,2,0,1,1,1,0,0,0,1,0,2,0,0,1,0,0,0,0
25,Feminino,Solteira(o),8,Estudante,0,1,2,0,1,2,1,3,1,1,1,2,2,1,1,2,2,1,0,1,1,1
14,Feminino,Solteira(o),9,Estudante,0,2,2,1,-1,2,2,0,2,3,1,1,2,1,2,2,1,2,2,3,-1,1
18,Feminino,Solteira(o),4,Estudante,0,1,-1,0,1,-1,2,0,1,1,2,2,1,2,0,1,2,1,1,0,1,-1
23,Feminino,Solteira(o),5,Estudante,0,2,-1,1,1,-1,3,1,2,1,2,0,2,0,2,1,0,2,2,1,-2,1
24,Feminino,Solteira(o),5,Estudante,0,1,3,0,-1,3,3,0,2,2,2,2,2,2,2,2,0,1,2,3,3,0
27,Feminino,Solteira(o),7,Estudante,0,0,0,0,1,0,1,2,3,2,1,3,2,2,0,1,-1,0,2,0,0,0
20,Feminino,Solteira(o),1,Estudante,0,1,1,0,1,1,2,2,2,0,1,1,2,1,0,1,1,1,2,0,0,-1
31,Feminino,Solteira(o),2,Estudante,0,3,1,1,0,1,2,1,3,2,2,2,2,0,0,1,1,2,1,1,0,0
27,Feminino,Solteira(o),4,Estudante,0,1,-1,0,0,-1,2,1,2,3,0,0,2,2,1,0,2,0,2,2,1,0
17,Feminino,Solteira(o),11,Estudante,0,2,1,2,0,1,2,1,1,2,2,1,1,1,2,0,1,1,2,0,1,2
23,Feminino,Solteira(o),10,Estudante,0,-1,1,0,1,1,0,2,0,1,-1,2,2,2,2,1,2,2,2,2,1,1
21,Feminino,Solteira(o),1,Estudante,0,1,1,2,2,1,2,1,1,1,0,3,-1,1,0,1,1,1,2,2,0,0
23,Masculino,Solteira(o),7,Estudante,0,0,2,1,2,2,2,1,2,2,2,4,1,1,2,1,1,2,1,0,2,0
25,Masculino,Solteira(o),2,Estudante,0,2,0,-1,1,0,0,2,1,3,0,1,2,2,2,1,1,2,2,3,3,0
18,Masculino,Solteira(o),7,Estudante,0,1,0,-1,3,0,2,0,2,4,2,1,0,3,3,0,1,0,3,1,2,0
27,Masculino,Solteira(o),4,Estudante,0,1,2,2,0,2,4,2,1,0,0,3,3,2,0,-1,3,1,1,0,0,1
23,Masculino,Solteira(o),2,Estudante,0,3,2,2,2,2,2,1,1,1,2,0,1,0,3,0,0,1,1,0,2,1
27,Masculino,Solteira(o),5,Estudante,0,1,3,2,0,3,1,1,1,2,2,1,3,1,0,1,0,2,1,0,0,1
26,Masculino,Solteira(o),12,Estudante,0,1,2,0,2,2,-1,2,0,1,-1,2,2,1,1,1,1,1,1,2,1,2
24,Masculino,Solteira(o),4,Estudante,0,3,1,1,0,1,1,1,2,1,-1,1,1,3,3,0,1,-1,2,0,2,1
15,Masculino,Solteira(o),7,Estudante,0,2,1,1,1,1,1,1,2,3,1,1,2,3,2,2,0,3,1,2,1,1
31,Masculino,Solteira(o),4,Estudante,0,1,1,1,1,1,0,1,0,2,2,3,3,0,2,2,2,1,3,3,2,-1
18,Masculino,Solteira(o),8,Estudante,0,2,2,1,0,2,1,1,1,2,-1,1,1,1,2,1,1,1,3,2,2,1
18,Masculino,Solteira(o),8,Estudante,0,1,1,1,2,1,2,3,2,0,0,0,2,1,0,1,0,2,0,1,2,2
27,Masculino,Solteira(o),8,Estudante,0,1,1,0,0,1,2,0,2,1,2,0,2,0,2,1,2,2,2,1,1,0
19,Masculino,Solteira(o),4,Estudante,0,2,2,0,0,2,2,-1,2,0,-1,0,2,4,1,2,1,2,3,2,1,0
25,Masculino,Solteira(o),6,Estudante,0,3,2,1,2,2,2,0,4,0,2,1,2,0,0,-1,0,1,2,1,2,0
16,Masculino,Solteira(o),0,Estudante,0,2,1,0,1,1,0,1,0,-1,1,1,2,3,1,0,0,1,3,2,3,0
21,Masculino,Solteira(o),2,Estudante,0,2,3,0,0,3,1,0,1,3,-1,2,1,0,1,1,0,0,0,1,1,2
29,Masculino,Solteira(o),3,Estudante,0,1,3,0,2,3,2,0,3,2,1,0,2,1,2,3,1,2,1,-1,1,1
29,Masculino,Solteira(o),5,Estudante,0,0,2,1,2,2,1,-1,1,0,0,1,0,1,0,2,2,1,1,2,1,-1
32,Masculino,Solteira(o),8,Estudante,0,2,1,2,1,1,1,1,2,2,0,2,0,0,2,-1,2,0,2,2,2,0
27,Masculino,Solteira(o),2,Estudante,0,2,1,0,4,1,1,0,1,3,2,0,2,2,2,0,1,3,1,2,0,2
19,Masculino,Solteira(o),7,Estudante,0,3,1,1,2,1,2,3,4,1,0,2,0,1,1,0,0,0,3,-1,2,1
21,Masculino,Solteira(o),6,Estudante,0,0,0,0,0,0,1,0,1,0,0,2,2,2,2,1,1,0,1,2,1,1
25,Masculino,Solteira(o),6,Estudante,0,1,1,2,1,1,3,2,1,1,1,2,2,2,0,0,1,1,2,-1,1,1
25,Masculino,Solteira(o),4,Estudante,0,2,2,1,1,2,1,2,0,2,2,1,3,1,1,0,1,0,2,3,-1,0
15,Masculino,Solteira(o),6,Estudante,0,2,0,1,1,0,1,1,3,1,1,2,2,2,1,1,1,2,2,1,1,0
18,Masculino,Solteira(o),3,Estudante,0,2,1,1,2,1,2,1,0,1,2,2,2,2,1,1,0,0,4,2,1,2
19,Masculino,Solteira(o),11,Estudante,0,2,2,2,2,2,1,1,1,1,1,0,2,1,2,2,1,2,2,3,0,0
25,Masculino,Solteira(o),6,Estudante,0,1,0,1,1,0,4,1,1,2,1,2,1,2,1,1,0,1,1,1,1,1
23,Masculino,Solteira(o),7,Estudante,0,3,0,1,2,0,3,0,0,-1,1,3,3,2,0,1,1,1,0,-2,2,0
21,Masculino,Solteira(o),1,Estudante,0,2,2,0,1,2,1,0,2,1,1,1,4,1,1,1,0,1,2,1,1,3
19,Masculino,Solteira(o),2,Estudante,0,1,1,1,1,1,1,0,0,2,1,1,2,1,1,1,1,1,1,0,-1,0
27,Masculino,Solteira(o),4,Estudante,0,2,0,1,0,0,1,3,3,1,3,3,1,2,2,0,0,2,3,-1,2,-1
20,Masculino,Solteira(o),5,Estudante,0,3,2,0,1,2,1,1,2,1,2,1,2,1,0,1,0,0,2,2,2,0
24,Masculino,Solteira(o),6,Estudante,0,2,1,0,2,1,1,1,2,3,1,2,1,1,1,1,1,0,2,3,2,1
22,Masculino,Solteira(o),10,Estudante,0,0,1,0,2,1,2,0,1,2,1,3,1,3,1,0,0,1,3,0,0,2
22,Masculino,Solteira(o),9,Estudante,0,2,1,2,2,1,1,1,2,1,0,2,2,0,1,3,2,0,2,2,2,0
24,Masculino,Solteira(o),7,Estudante,0,2,1,2,2,1,2,1,2,3,1,1,0,0,1,1,2,0,2,1,1,1
23,Masculino,Solteira(o),5,Estudante,0,0,1,0,0,1,1,1,0,0,0,1,1,-1,0,2,2,1,2,2,1,1
18,Masculino,Solteira(o),3,Estudante,0,1,1,0,-1,1,2,0,2,4,1,1,2,0,1,-1,0,3,1,0,0,3
19,Masculino,Solteira(o),5,Estudante,0,2,2,0,2,2,2,0,3,1,-1,1,2,0,2,1,-1,2,3,1,1,1
24,Masculino,Solteira(o),4,Estudante,0,1,1,2,2,1,1,0,1,1,1,2,1,1,1,-1,1,2,2,1,2,1
29,Masculino,Solteira(o),5,Estudante,0,1,1,0,1,1,1,4,3,0,1,0,1,0,2,0,2,1,0,2,2,0
21,Masculino,Solteira(o),7,Estudante,0,1,0,2,0,0,1,2,0,-2,2,1,3,1,2,1,1,2,2,2,2,1
18,Masculino,Solteira(o),4,Estudante,0,2,0,0,1,0,1,0,0,0,1,3,1,2,0,2,1,1,3,0,0,1
26,Masculino,Solteira(o),4,Estudante,0,2,1,0,2,1,3,1,4,0,0,2,1,2,2,0,0,0,-1,1,-1,0
24,Masculino,Solteira(o),4,Estudante,0,3,2,1,0,2,1,2,2,2,0,1,3,0,2,2,2,2,1,1,0,1
23,Masculino,Solteira(o),5,Estudante,0,1,1,0,2,1,2,2,0,2,1,1,0,1,0,1,1,0,1,2,3,0
24,Masculino,Solteira(o),2,Estudante,0,0,1,1,3,1,1,1,0,0,3,2,2,1,0,1,1,1,3,2,2,0
17,Masculino,Solteira(o),8,Estudante,0,1,1,1,1,1,0,1,2,2,2,1,2,2,2,2,1,0,0,2,2,1
22,Masculino,Solteira(o),4,Estudante,0,1,-1,0,1,-1,2,1,2,0,2,2,2,1,2,0,1,-1,4,2,2,2
21,Masculino,Solteira(o),8,Estudante,0,2,0,-1,1,0,4,0,1,1,1,3,2,0,1,0,2,2,0,1,1,1
23,Masculino,Solteira(o),7,Estudante,0,0,2,1,1,2,3,0,1,1,2,0,3,1,0,0,1,1,0,2,2,0
23,Masculino,Solteira(o),3,Estudante,0,1,3,1,2,3,2,2,3,2,0,0,2,2,1,2,0,2,3,1,3,1
28,Masculino,Solteira(o),5,Estudante,0,1,1,0,2,1,3,1,3,1,1,1,0,2,0,1,1,0,0,2,1,1
21,Masculino,Solteira(o),4,Estudante,0,1,1,1,1,1,1,4,2,1,-1,2,1,1,1,0,1,-1,1,2,1,0
22,Masculino,Solteira(o),6,Estudante,0,3,2,2,2,2,4,2,1,0,0,3,2,2,1,-1,1,1,1,1,1,0
21,Masculino,Solteira(o),5,Estudante,0,2,0,1,2,0,0,2,4,3,0,1,2,1,2,2,2,2,3,1,3,1
27,Masculino,Solteira(o),4,Estudante,0,2,0,2,1,0,1,1,2,1,0,3,2,0,0,1,0,1,3,2,1,1
20,Masculino,Solteira(o),1,Estudante,0,1,3,2,1,3,1,0,3,0,0,0,2,2,1,1,1,0,1,1,0,0
27,Masculino,Solteira(o),6,Estudante,0,1,1,0,2,1,2,0,3,1,1,2,2,2,2,1,1,2,0,2,1,1
26,Masculino,Solteira(o),4,Estudante,0,1,1,0,0,1,1,1,3,3,1,2,3,2,1,2,0,2,1,2,1,0
26,Masculino,Solteira(o),7,Estudante,0,2,0,1,1,0,2,2,2,2,0,1,2,1,1,0,0,1,3,1,1,0
25,Masculino,Solteira(o),10,Estudante,0,1,0,1,2,0,3,2,1,1,2,2,1,1,2,1,1,1,2,1,1,1
16,Masculino,Solteira(o),2,Estudante,0,2,0,-1,1,0,1,3,1,0,1,2,2,2,1,3,0,3,2,1,-1,-1
22,Masculino,Solteira(o),12,Estudante,0,2,2,1,1,2,-1,2,1,1,1,2,3,2,2,2,0,0,4,0,2,0
18,Masculino,Solteira(o),6,Estudante,0,0,0,-1,2,0,2,0,3,3,1,1,2,1,3,2,1,1,2,2,0,0
20,Masculino,Solteira(o),5,Estudante,0,0,1,0,1,1,4,3,0,0,2,3,1,2,2,3,1,0,1,1,2,1
23,Masculino,Solteira(o),1,Estudante,0,2,2,1,1,2,1,1,0,2,0,1,3,2,1,1,1,1,2,1,0,1
21,Masculino,Solteira(o),9,Estudante,0,3,2,2,2,2,2,1,2,1,1,0,3,2,2,3,1,2,2,0,1,1
22,Masculino,Solteira(o),2,Estudante,0,0,1,1,2,1,4,0,3,1,2,1,0,0,3,1,0,1,3,3,-1,0
27,Masculino,Solteira(o),9,Estudante,0,1,0,1,4,0,1,1,2,3,1,2,3,3,1,1,2,1,3,2,1,1
22,Masculino,Solteira(o),6,Estudante,0,1,2,1,1,2,3,0,1,1,3,1,0,2,1,2,2,2,1,-1,1,0
22,Masculino,Solteira(o),3,Estudante,0,1,1,0,2,1,1,2,2,3,1,0,4,1,1,1,0,2,2,2,0,0
28,Masculino,Solteira(o),6,Estudante,0,2,2,2,4,2,1,1,1,-1,1,2,1,2,0,1,0,1,3,2,1,0
22,Masculino,Solteira(o),2,Estudante,0,0,2,1,1,2,1,1,2,2,1,2,2,2,0,2,1,0,1,1,3,-1
22,Masculino,Solteira(o),2,Estudante,0,0,1,1,0,1,1,0,2,0,1,2,2,3,2,1,1,1,3,1,1,0
25,Masculino,Solteira(o),5,Estudante,0,2,1,0,2,1,2,1,1,1,1,2,1,2,1,-1,1,0,0,2,1,2
18,Masculino,Solteira(o),6,Estudante,0,1,2,1,1,2,3,1,2,2,2,1,2,0,1,1,1,1,1,1,1,1
18,Masculino,Solteira(o),7,Estudante,0,1,0,0,0,0,2,-1,2,1,2,2,1,2,1,2,1,2,1,1,1,0
25,Masculino,Solteira(o),6,Estudante,0,2,1,0,0,1,2,1,2,1,-1,0,3,-2,1,1,1,1,1,2,2,1
19,Masculino,Solteira(o),7,Estudante,0,2,2,-1,2,2,3,0,1,1,2,1,2,4,0,0,0,-1,0,3,1,2
23,Masculino,Solteira(o),6,Estudante,0,2,3,2,0,3,0,0,-1,0,1,1,2,0,3,2,2,-1,3,1,1,1
20,Masculino,Solteira(o),2,Estudante,0,2,1,2,1,1,1,2,0,2,-1,1,1,2,1,1,1,1,2,1,1,1
21,Masculino,Solteira(o),1,Estudante,0,2,1,2,1,1,2,1,1,2,1,0,3,-1,1,1,1,-1,2,3,1,-1
20,Masculino,Solteira(o),6,Estudante,0,1,1,2,0,1,2,1,2,0,1,2,2,1,1,1,0,0,0,1,2,1
23,Masculino,Solteira(o),6,Estudante,0,1,0,0,1,0,2,2,2,3,1,2,2,2,0,1,2,1,3,2,2,1
19,Masculino,Solteira(o),7,Estudante,0,2,1,0,3,1,1,0,1,1,1,1,1,1,2,1,1,1,2,2,1,-1
20,Masculino,Solteira(o),1,Estudante,1,0,3,-1,2,3,2,2,0,2,0,1,1,2,-1,1,3,0,2,1,2,2
26,Masculino,Solteira(o),3,Estudante,0,2,1,1,1,1,2,2,3,0,1,2,1,0,1,0,1,3,2,2,1,1
15,Masculino,Solteira(o),10,Estudante,0,1,2,0,-1,2,-1,2,1,2,3,2,2,2,1,1,0,0,3,0,0,0
28,Masculino,Solteira(o),6,Estudante,0,2,3,1,2,3,0,2,1,2,1,2,2,0,3,1,2,2,1,0,2,1
25,Masculino,Solteira(o),4,Estudante,0,0,2,2,0,2,0,0,1,3,1,2,2,1,1,1,-1,2,1,2,2,1
29,Masculino,Solteira(o),6,Estudante,0,2,2,1,1,2,1,3,2,2,1,1,1,1,1,2,1,1,1,1,0,1
18,Masculino,Solteira(o),9,Estudante,0,1,2,1,0,2,0,-1,3,1,2,1,0,0,3,1,1,0,1,2,0,3
20,Masculino,Solteira(o),10,Estudante,0,1,2,1,1,2,2,2,1,1,1,1,2,2,0,0,1,2,0,3,3,2
19,Masculino,Solteira(o),10,Estudante,0,2,1,1,1,1,2,2,2,3,2,1,1,0,3,1,2,0,1,1,0,2
20,Masculino,Solteira(o),0,Estudante,0,1,1,0,2,1,1,1,1,2,1,3,1,2,0,3,1,1,1,2,2,1
23,Masculino,Solteira(o),1,Estudante,0,1,2,1,4,2,2,2,2,1,2,3,2,0,1,1,0,0,2,0,2,1
20,Masculino,Solteira(o),4,Estudante,0,1,1,2,0,1,0,0,0,2,1,2,3,1,3,1,2,-1,1,1,2,0
20,Masculino,Solteira(o),7,Estudante,0,2,2,2,1,2,1,1,3,3,2,1,2,1,1,0,1,1,3,0,0,0
25,Masculino,Solteira(o),0,Estudante,0,2,3,1,1,3,1,0,2,3,1,1,2,2,1,1,1,1,0,2,1,2
22,Masculino,Solteira(o),6,Estudante,0,2,2,1,0,2,1,2,-1,1,0,3,1,-1,0,0,0,2,1,0,0,1
11,Masculino,Solteira(o),2,Estudante,0,2,2,0,0,2,2,3,3,1,1,1,1,1,1,1,1,3,2,0,0,-1
18,Masculino,Solteira(o),5,Estudante,0,0,2,0,3,2,0,1,1,1,2,2,2,0,3,1,0,3,2,1,0,2
23,Masculino,Solteira(o),9,Estudante,0,1,3,0,-2,3,2,1,1,2,1,1,3,2,3,1,0,0,1,2,1,1
20,Masculino,Solteira(o),7,Estudante,0,2,0,0,2,0,0,1,1,1,0,3,1,3,1,1,2,1,1,1,1,2
24,Masculino,Solteira(o),7,Estudante,0,3,3,1,0,3,1,3,1,2,2,1,0,2,2,1,0,1,2,4,2,0
25,Masculino,Solteira(o),4,Estudante,0,2,2,1,1,2,2,2,1,1,3,1,0,1,0,0,0,2,3,1,0,0
27,Masculino,Solteira(o),7,Estudante,0,1,1,0,0,1,2,1,1,1,1,2,2,2,1,0,0,3,2,1,2,1
19,Masculino,Solteira(o),6,Estudante,0,2,2,-1,1,2,0,0,2,2,2,3,2,2,-1,0,1,0,2,1,2,0
24,Masculino,Solteira(o),3,Estudante,0,2,2,1,3,2,2,1,1,-1,2,1,2,1,1,0,0,1,1,2,0,0
19,Masculino,Solteira(o),7,Estudante,0,1,2,1,1,2,0,1,2,1,2,1,1,2,1,-1,2,-1,0,3,0,0
19,Masculino,Solteira(o),4,Estudante,0,1,-1,0,-1,-1,0,2,1,1,2,2,2,-1,1,2,1,2,-1,3,1,1
21,Masculino,Solteira(o),7,Estudante,0,1,1,1,0,1,1,1,2,0,2,2,2,3,1,-1,0,0,1,3,2,1
22,Masculino,Solteira(o),10,Estudante,0,2,2,1,1,2,2,2,3,1,0,2,2,1,2,-1,2,1,0,1,1,0
16,Masculino,Solteira(o),3,Estudante,0,1,3,-1,0,3,4,2,1,0,-2,3,1,0,2,2,1,2,3,3,1,-1
23,Masculino,Solteira(o),6,Estudante,0,2,1,0,2,1,3,2,2,1,3,2,1,2,0,2,2,1,1,2,0,0
24,Masculino,Solteira(o),2,Estudante,0,1,3,0,1,3,0,1,0,2,0,2,1,3,1,1,1,1,3,1,1,-1
19,Masculino,Solteira(o),4,Estudante,0,-1,1,1,-1,1,2,0,1,1,1,3,1,2,1,-1,1,0,3,-1,0,2
20,Masculino,Solteira(o),0,Estudante,0,2,0,1,1,0,2,1,1,1,1,3,0,1,2,0,1,2,2,0,0,1
21,Masculino,Solteira(o),5,Estudante,0,1,0,0,2,0,1,0,1,1,1,1,1,1,2,3,1,2,4,1,2,0
19,Masculino,Solteira(o),1,Estudante,0,1,1,1,1,1,1,1,2,1,1,2,2,1,2,2,0,0,1,0,1,2
19,Masculino,Solteira(o),7,Estudante,0,2,1,0,2,1,3,1,3,0,0,2,1,1,-1,0,1,3,2,2,2,0
19,Masculino,Solteira(o),11,Estudante,0,2,1,2,2,1,1,2,1,2,0,1,1,1,-1,2,2,2,0,1,-1,1
21,Masculino,Solteira(o),9,Estudante,0,1,0,0,0,0,3,0,1,3,1,3,1,2,2,2,0,0,1,1,1,1
14,Masculino,Solteira(o),1,Estudante,0,3,1,1,1,1,1,2,0,2,1,1,2,1,1,1,1,1,2,2,1,1
33,Masculino,Solteira(o),4,Estudante,0,2,1,2,1,1,0,0,0,2,1,1,2,0,0,0,0,1,3,1,1,1
22,Masculino,Solteira(o),6,Estudante,0,0,-1,-1,1,-1,1,-1,0,3,-1,1,2,2,1,2,1,1,3,0,1,0
27,Masculino,Solteira(o),9,Estudante,0,1,1,0,1,1,2,1,2,4,1,1,1,0,0,1,2,0,1,-1,2,2
21,Masculino,Solteira(o),8,Estudante,0,1,2,0,2,2,3,1,3,3,1,2,2,1,2,1,1,0,2,3,0,1
27,Masculino,Solteira(o),7,Estudante,0,2,2,0,0,2,1,3,1,3,1,2,2,1,2,0,2,2,1,2,0,0
18,Masculino,Solteira(o),6,Estudante,0,1,2,2,0,2,2,0,3,2,2,2,3,3,3,2,0,0,2,0,1,0
25,Masculino,Solteira(o),9,Estudante,0,1,2,1,1,2,1,2,1,1,0,1,3,1,3,0,0,1,0,2,2,0
20,Masculino,Solteira(o),5,Estudante,0,2,1,0,2,1,1,1,1,1,1,3,2,1,0,2,0,1,1,2,2,2
31,Masculino,Solteira(o),4,Estudante,0,1,1,1,0,1,1,0,2,1,0,2,1,2,1,0,2,1,1,4,-1,-1
24,Masculino,Solteira(o),0,Estudante,0,1,0,1,2,0,2,0,1,1,0,2,1,-1,2,1,-1,3,0,2,0,1
20,Masculino,Solteira(o),5,Estudante,0,1,1,1,1,1,1,-1,3,1,0,2,3,0,1,1,1,0,0,2,3,1
24,Masculino,Solteira(o),9,Estudante,0,1,0,0,2,0,1,0,0,2,0,1,1,2,1,2,1,2,0,2,2,0
22,Masculino,Solteira(o),8,Estudante,0,1,1,2,2,1,3,0,1,2,-1,4,1,2,3,0,1,2,0,0,2,0
21,Masculino,Solteira(o),5,Estudante,0,2,0,0,2,0,1,3,3,3,1,1,2,2,1,2,1,0,1,2,2,2
21,Masculino,Solteira(o),2,Estudante,0,2,1,2,2,1,3,2,1,3,1,1,1,1,0,0,2,1,2,4,0,0
24,Masculino,Solteira(o),10,Estudante,0,-1,4,0,2,4,1,1,2,0,0,1,3,4,0,1,1,1,2,0,1,0
27,Masculino,Solteira(o),7,Estudante,0,2,2,0,1,2,2,1,1,2,0,3,2,1,1,1,0,0,3,2,2,0
20,Masculino,Solteira(o),6,Estudante,0,1,2,1,0,2,3,1,2,1,1,2,2,1,0,0,1,1,3,0,0,0
19,Masculino,Solteira(o),6,Estudante,0,1,2,1,4,2,0,0,1,1,2,2,2,0,3,0,2,0,1,0,1,1
23,Masculino,Solteira(o),5,Estudante,0,2,2,0,0,2,2,1,1,1,1,3,0,0,3,2,1,1,1,0,2,2
27,Masculino,Solteira(o),3,Estudante,0,0,1,0,1,1,3,2,1,0,2,2,3,2,1,0,0,1,2,2,3,1
25,Masculino,Solteira(o),8,Estudante,0,0,1,0,2,1,1,1,2,1,1,2,1,3,0,0,2,0,4,0,0,-1
22,Masculino,Solteira(o),4,Estudante,0,3,0,-1,2,0,2,0,1,2,0,1,3,0,1,1,0,0,2,1,1,0
22,Masculino,Solteira(o),7,Estudante,0,2,1,2,0,1,1,1,2,2,2,1,1,2,1,1,2,2,2,1,1,-1
24,Masculino,Solteira(o),5,Estudante,0,1,1,0,1,1,3,1,1,3,0,2,2,1,2,1,0,0,1,2,-1,0
24,Masculino,Solteira(o),3,Estudante,0,1,2,1,1,2,2,1,0,1,1,1,2,2,2,1,1,0,1,3,2,0
24,Masculino,Solteira(o),6,Estudante,0,1,1,1,1,1,2,1,1,1,2,1,2,1,1,2,0,2,2,0,2,0
13,Masculino,Solteira(o),4,Estudante,0,2,1,1,0,1,3,0,2,1,0,2,0,0,0,2,1,0,2,0,1,1
25,Masculino,Solteira(o),2,Estudante,0,2,0,0,0,0,0,1,3,2,1,1,3,1,0,0,1,3,0,3,2,-1
21,Masculino,Solteira(o),5,Estudante,0,0,2,1,1,2,1,0,2,-1,1,1,0,-1,2,1,1,1,3,1,-2,3
16,Masculino,Solteira(o),6,Estudante,0,3,2,1,1,2,0,2,1,1,0,2,2,3,2,2,-1,1,2,2,2,1
25,Masculino,Solteira(o),1,Estudante,0,1,0,3,2,0,1,-2,2,1,-1,2,4,1,-1,1,2,1,2,1,2,0
24,Masculino,Solteira(o),0,Estudante,0,0,0,1,3,0,3,0,4,2,3,3,2,1,1,1,1,1,1,2,1,1
20,Masculino,Solteira(o),7,Estudante,0,1,0,1,2,0,1,1,1,3,1,1,1,1,1,1,1,-1,2,0,3,1
23,Masculino,Solteira(o),6,Estudante,0,0,2,1,2,2,1,3,1,0,-1,1,1,1,0,2,0,0,3,1,-1,1
25,Masculino,Solteira(o),4,Estudante,0,2,2,2,1,2,1,1,2,1,2,1,0,-1,1,2,1,2,2,1,1,-1
15,Masculino,Solteira(o),2,Estudante,0,1,3,1,0,3,2,2,1,2,1,0,0,2,0,1,1,0,3,2,2,1
20,Masculino,Solteira(o),4,Estudante,0,2,1,0,1,1,1,1,1,3,0,2,2,1,3,2,2,1,1,3,1,0
15,Masculino,Solteira(o),5,Estudante,0,2,1,1,1,1,1,1,1,2,0,2,1,2,1,3,1,3,1,0,2,1
27,Masculino,Solteira(o),8,Estudante,0,1,1,2,3,1,1,2,2,2,2,1,1,2,1,0,1,0,1,3,1,0
23,Masculino,Solteira(o),12,Estudante,0,2,2,1,1,2,0,-1,2,-1,0,1,1,2,1,0,2,-1,4,-1,0,1
20,Masculino,Solteira(o),1,Estudante,0,2,1,1,1,1,1,1,0,1,2,0,2,2,1,1,1,0,2,2,1,1
16,Masculino,Solteira(o),7,Estudante,0,2,2,0,2,2,2,1,2,1,1,3,1,2,0,2,1,1,1,1,1,-1
25,Masculino,Solteira(o),4,Estudante,0,1,1,0,0,1,1,1,1,0,1,3,3,1,4,1,0,0,2,3,2,1
19,Masculino,Solteira(o),5,Estudante,0,0,2,0,2,2,1,0,3,3,2,2,2,0,0,1,1,1,4,1,1,2
17,Masculino,Solteira(o),9,Estudante,0,2,1,0,1,1,3,2,1,0,1,3,1,0,2,1,1,0,2,1,3,1
27,Masculino,Solteira(o),4,Estudante,0,3,1,-1,1,1,2,1,2,2,1,3,0,1,1,0,-1,1,2,0,0,2
23,Masculino,Solteira(o),7,Estudante,0,0,0,1,3,0,1,0,1,0,2,1,2,3,2,2,2,2,1,1,1,2
23,Masculino,Solteira(o),5,Estudante,0,1,1,0,3,1,2,3,3,1,2,2,2,2,1,1,1,0,3,2,0,-1
24,Masculino,Solteira(o),5,Estudante,0,3,0,0,0,0,2,0,0,0,2,2,2,1,0,1,1,0,1,1,0,0
21,Masculino,Solteira(o),10,Estudante,0,1,3,2,1,3,3,0,2,2,0,1,3,0,1,1,2,0,2,2,3,0
26,Masculino,Solteira(o),8,Estudante,0,2,0,0,2,0,2,1,3,2,1,2,1,2,3,1,1,0,2,0,1,0
19,Masculino,Solteira(o),0,Estudante,0,1,0,0,2,0,1,0,2,0,-1,2,3,1,0,1,1,2,3,2,1,1
26,Masculino,Solteira(o),4,Estudante,0,1,2,2,4,2,0,0,1,1,0,2,1,0,1,2,2,2,2,1,-1,1
20,Masculino,Solteira(o),6,Estudante,0,1,1,0,-1,1,1,1,3,0,1,0,2,1,0,1,0,1,1,1,1,0
25,Masculino,Solteira(o),2,Estudante,0,4,1,-1,1,1,2,3,2,1,-1,1,1,2,2,1,2,3,2,2,1,0
25,Masculino,Solteira(o),6,Estudante,0,0,2,-1,1,2,2,1,1,0,2,1,3,1,0,1,1,2,1,1,1,0
22,Masculino,Solteira(o),5,Estudante,0,1,1,0,0,1,2,1,1,3,2,0,1,1,0,0,0,2,2,1,0,1
31,Masculino,Solteira(o),12,Estudante,0,0,1,0,1,1,1,2,2,-1,2,4,3,0,0,0,1,2,1,0,0,-2
22,Masculino,Solteira(o),5,Estudante,0,1,0,2,3,0,2,1,1,3,1,1,2,1,2,1,0,0,1,2,1,0
14,Masculino,Solteira(o),6,Estudante,0,1,1,2,0,1,3,1,0,1,0,1,2,2,1,0,0,2,2,2,1,1
28,Masculino,Solteira(o),9,Estudante,0,1,3,0,0,3,1,0,1,2,0,1,2,2,0,0,0,0,1,1,2,1
24,Masculino,Solteira(o),2,Estudante,0,2,1,1,1,1,2,0,2,2,2,0,2,0,1,1,1,1,2,1,1,0
23,Masculino,Solteira(o),9,Estudante,0,1,1,1,2,1,1,2,1,0,0,0,2,2,2,0,1,2,3,0,0,2
22,Masculino,Solteira(o),7,Estudante,0,1,0,0,0,0,1,3,2,1,1,2,2,2,1,0,1,1,1,-2,2,0
28,Masculino,Solteira(o),4,Estudante,0,2,0,0,1,0,0,2,1,2,2,4,2,0,1,0,1,1,2,0,0,0
18,Masculino,Solteira(o),2,Estudante,0,2,1,2,0,1,0,2,1,1,0,2,2,2,0,3,2,1,2,1,2,0
24,Masculino,Solteira(o),7,Estudante,0,2,0,1,0,0,1,1,2,2,0,2,2,3,1,0,0,1,1,2,3,1
20,Masculino,Solteira(o),2,Estudante,0,1,2,1,0,2,2,1,1,1,2,3,0,1,0,2,2,2,2,0,1,-1
24,Masculino,Solteira(o),6,Estudante,0,1,0,1,0,0,1,1,1,-1,1,1,2,1,1,1,1,3,1,1,3,0
17,Masculino,Solteira(o),7,Estudante,0,1,2,0,1,2,1,1,1,2,3,2,1,1,1,0,1,1,1,1,0,0
23,Masculino,Solteira(o),5,Estudante,0,1,1,0,3,1,1,1,2,1,2,2,3,2,1,0,1,2,0,0,0,1
32,Masculino,Solteira(o),4,Estudante,0,1,1,0,2,1,1,0,0,0,0,2,2,2,3,1,1,1,1,1,2,1
22,Masculino,Solteira(o),9,Estudante,0,2,1,1,2,1,0,0,2,1,0,3,1,0,1,1,2,1,1,2,1,1
31,Masculino,Solteira(o),6,Estudante,0,2,3,0,2,3,0,2,1,3,2,2,1,1,1,2,1,0,2,0,-1,1
18,Masculino,Solteira(o),3,Estudante,0,2,2,1,2,2,2,1,1,4,2,2,2,1,2,1,1,0,0,1,0,-1
25,Masculino,Solteira(o),2,Estudante,0,2,1,1,1,1,1,1,1,2,0,2,1,0,1,1,1,0,2,2,3,-2
22,Masculino,Solteira(o),3,Estudante,0,2,1,1,1,1,1,1,1,2,1,3,1,3,2,3,0,2,1,2,3,0
16,Masculino,Solteira(o),7,Estudante,0,1,1,0,2,1,0,1,1,2,2,1,2,1,0,2,0,1,2,3,0,0
30,Masculino,Solteira(o),0,Estudante,0,1,1,0,1,1,1,1,2,2,1,2,1,1,0,2,1,0,2,1,0,2
20,Masculino,Solteira(o),3,Estudante,0,0,2,0,1,2,2,0,3,0,1,1,3,2,1,-1,1,0,2,2,0,0
19,Masculino,Solteira(o),1,Estudante,0,2,2,2,-1,2,2,2,2,3,1,2,2,1,2,0,2,1,1,1,4,-1
20,Masculino,Solteira(o),5,Estudante,0,3,0,0,3,0,2,1,2,3,2,2,3,1,1,0,0,0,2,1,0,1
20,Masculino,Solteira(o),9,Estudante,0,0,2,1,1,2,1,1,1,2,2,3,1,1,2,1,3,2,2,2,1,1
23,Masculino,Solteira(o),1,Estudante,0,1,0,1,1,0,1,1,2,1,1,1,1,0,1,1,1,2,2,1,1,1
15,Masculino,Solteira(o),8,Estudante,0,1,1,1,0,1,0,1,3,2,0,2,2,2,2,2,0,1,2,2,0,1
27,Masculino,Solteira(o),6,Estudante,0,2,2,1,1,2,2,-1,3,2,1,2,2,0,2,2,3,-1,1,1,-1,2
24,Masculino,Solteira(o),5,Estudante,0,1,1,1,2,1,3,2,4,1,2,2,3,0,2,0,2,0,1,0,2,1
29,Masculino,Solteira(o),11,Estudante,0,2,1,1,2,1,0,0,2,1,1,2,3,2,2,3,1,3,3,2,1,2
24,Masculino,Solteira(o),10,Estudante,0,2,2,1,1,2,1,2,0,2,2,2,1,0,1,2,1,0,1,1,1,0
19,Masculino,Solteira(o),6,Estudante,0,1,2,0,1,2,1,0,3,2,1,2,1,-1,-1,1,0,1,2,1,1,0
24,Masculino,Solteira(o),7,Estudante,0,0,1,1,1,1,2,1,2,1,1,2,2,0,0,3,0,-1,2,0,2,-1
19,Masculino,Solteira(o),6,Estudante,0,1,0,1,0,0,2,1,1,2,1,-1,3,-1,1,-1,0,0,0,0,0,0
25,Masculino,Solteira(o),3,Estudante,0,3,0,1,2,0,1,1,2,0,1,2,1,1,2,-1,0,1,2,1,2,0
25,Masculino,Solteira(o),5,Estudante,0,1,1,1,2,1,1,4,0,2,1,3,2,2,2,3,0,2,0,0,2,0
20,Masculino,Solteira(o),9,Estudante,0,2,2,2,0,2,1,1,1,1,1,3,1,2,1,1,0,0,3,1,3,-1
23,Masculino,Solteira(o),1,Estudante,0,2,0,0,1,0,0,1,1,2,1,3,1,2,1,2,2,1,3,0,2,1
29,Masculino,Solteira(o),9,Estudante,0,1,1,1,1,1,2,1,2,2,1,1,1,2,2,-1,0,1,1,2,0,-1
20,Masculino,Solteira(o),1,Estudante,0,1,1,0,1,1,2,-1,2,1,1,2,3,0,0,1,1,0,3,1,1,1
13,Masculino,Solteira(o),6,Estudante,0,1,2,2,0,2,1,1,4,0,0,2,2,0,3,0,0,3,3,3,1,1
21,Masculino,Solteira(o),3,Estudante,0,1,1,2,-1,1,1,1,1,0,2,2,2,2,2,2,1,2,1,1,2,3
25,Masculino,Solteira(o),8,Estudante,0,1,1,1,0,1,0,-1,2,1,1,1,1,1,1,2,1,1,2,2,1,-1
20,Masculino,Solteira(o),7,Estudante,0,-1,0,1,1,0,0,0,2,0,1,3,1,2,2,0,1,3,3,3,0,2
25,Masculino,Solteira(o),9,Estudante,0,2,1,0,1,1,2,1,1,0,2,2,3,1,1,-1,0,2,2,1,1,2
17,Masculino,Solteira(o),0,Estudante,0,1,1,1,2,1,2,0,3,0,1,2,0,2,2,0,1,-2,0,2,2,0
26,Masculino,Solteira(o),8,Estudante,0,1,2,0,2,2,1,2,2,1,0,2,2,3,2,0,1,1,1,0,1,0
17,Masculino,Solteira(o),8,Estudante,0,2,-2,1,0,-2,4,2,2,-1,0,2,2,1,1,0,0,2,2,2,3,1
32,Masculino,Solteira(o),4,Estudante,0,1,1,0,1,1,2,0,1,2,1,3,3,0,0,1,1,1,1,3,2,2
28,Masculino,Solteira(o),8,Estudante,0,1,2,0,2,2,3,0,2,1,2,3,2,1,2,-2,0,0,1,3,3,0
27,Masculino,Solteira(o),3,Estudante,0,2,0,1,1,0,3,1,3,2,1,1,2,0,1,1,1,1,5,2,1,-1
21,Masculino,Solteira(o),0,Estudante,0,2,1,0,2,1,2,1,1,3,1,2,3,1,2,1,1,1,2,2,1,0
23,Masculino,Solteira(o),6,Estudante,0,0,1,1,1,1,0,2,3,0,1,3,2,1,1,0,1,1,2,0,2,-1
30,Masculino,Solteira(o),7,Estudante,0,2,2,0,1,2,0,2,3,0,0,2,0,0,1,-1,-1,1,1,3,0,1
25,Masculino,Solteira(o),9,Estudante,0,1,1,0,1,1,2,2,2,2,0,1,1,2,2,1,2,2,2,2,-1,1
22,Masculino,Solteira(o),9,Estudante,0,2,0,1,1,0,-1,1,1,2,1,2,4,1,2,0,0,2,1,0,0,1
22,Masculino,Solteira(o),5,Estudante,0,1,0,1,3,0,0,1,3,1,-1,2,1,3,2,0,0,1,1,1,1,2
21,Masculino,Solteira(o),4,Estudante,0,1,2,1,1,2,2,2,1,1,1,2,3,1,1,0,1,-1,3,0,0,1
33,Masculino,Solteira(o),0,Estudante,0,1,1,1,3,1,0,1,2,2,1,2,0,0,1,0,1,1,2,1,2,1
24,Masculino,Solteira(o),9,Estudante,0,2,1,1,4,1,2,2,2,2,0,2,3,3,3,1,1,0,1,1,1,1
21,Masculino,Solteira(o),5,Estudante,0,2,1,0,2,1,3,-1,2,-1,1,-1,2,0,2,3,0,2,-1,3,1,1
19,Masculino,Solteira(o),4,Estudante,0,1,0,1,1,0,2,3,3,0,1,3,1,1,1,1,1,2,1,3,1,1
25,Masculino,Solteira(o),2,Estudante,0,2,0,1,2,0,1,2,1,1,1,0,2,2,1,0,1,2,2,0,2,1
25,Masculino,Solteira(o),6,Estudante,0,1,2,2,1,2,2,-1,2,2,2,2,2,3,0,1,2,1,3,1,0,-2
24,Masculino,Solteira(o),3,Estudante,0,2,2,0,3,2,1,1,2,0,1,1,2,1,1,-1,3,1,0,2,0,1
31,Masculino,Solteira(o),5,Estudante,0,1,3,0,1,3,2,1,1,3,2,2,1,0,0,2,0,0,3,-1,1,1
23,Masculino,Solteira(o),2,Estudante,0,2,2,2,-1,2,2,2,2,3,0,2,2,-1,2,0,2,2,-1,1,1,1
19,Masculino,Solteira(o),4,Estudante,0,2,1,2,1,1,0,1,3,2,1,1,1,0,2,2,0,0,2,2,2,-1
25,Masculino,Solteira(o),6,Estudante,0,1,1,1,1,1,0,1,3,1,0,3,2,0,0,0,1,0,3,1,1,0
21,Masculino,Solteira(o),4,Estudante,0,0,0,1,0,0,2,0,3,3,1,1,3,0,2,2,1,0,1,1,1,1
27,Masculino,Solteira(o),5,Estudante,0,1,2,1,-1,2,3,1,0,2,2,1,3,2,2,2,2,1,1,3,1,0
16,Masculino,Solteira(o),9,Estudante,0,1,1,1,1,1,1,1,2,0,1,1,1,2,3,3,2,0,0,1,3,2
17,Masculino,Solteira(o),6,Estudante,0,1,2,1,2,2,3,-1,1,3,0,1,3,2,1,0,0,1,3,1,2,2
27,Masculino,Solteira(o),0,Estudante,0,2,2,1,0,2,1,2,1,-1,0,3,2,2,2,2,0,0,0,1,0,0
17,Masculino,Solteira(o),3,Estudante,0,2,1,0,0,1,2,-1,0,3,2,3,1,2,3,1,1,0,3,2,0,2
22,Masculino,Solteira(o),7,Estudante,0,2,0,1,3,0,2,1,1,4,1,1,2,1,0,1,0,1,2,3,0,0
25,Masculino,Solteira(o),2,Estudante,0,1,2,0,2,2,2,2,2,0,2,3,2,3,1,-1,2,1,1,2,2,-1
21,Masculino,Solteira(o),1,Estudante,0,2,0,1,2,0,2,0,1,1,1,2,2,3,3,2,0,-1,1,1,0,1
26,Masculino,Solteira(o),2,Estudante,0,1,1,1,2,1,2,1,3,2,1,2,2,2,1,0,0,2,3,1,1,1
24,Masculino,Solteira(o),4,Estudante,0,2,0,0,1,0,3,1,2,1,2,0,2,2,1,-1,-1,2,0,-1,3,0
15,Masculino,Solteira(o),9,Estudante,0,3,0,-1,1,0,2,3,1,1,1,4,2,1,2,-1,0,2,2,2,3,1
27,Masculino,Solteira(o),7,Estudante,0,0,0,0,2,0,5,2,0,2,1,1,1,2,0,1,2,0,1,0,1,1
24,Masculino,Solteira(o),8,Estudante,0,2,0,0,1,0,2,1,2,0,2,1,1,1,-1,0,0,1,1,3,3,1
30,Masculino,Solteira(o),7,Estudante,0,0,2,0,2,2,1,1,1,0,0,1,1,1,1,1,0,1,2,1,2,0
22,Masculino,Solteira(o),5,Estudante,0,3,1,1,2,1,4,0,2,4,1,2,2,2,1,0,1,1,1,2,0,2
25,Masculino,Solteira(o),4,Estudante,0,1,3,2,1,3,1,0,1,1,1,0,2,3,1,0,1,2,3,0,1,1
24,Masculino,Solteira(o),10,Estudante,0,0,1,1,0,1,1,3,0,-2,1,1,0,1,1,2,1,-1,0,2,3,1
19,Masculino,Solteira(o),3,Estudante,0,2,2,1,2,2,1,1,2,1,0,1,2,1,1,2,1,0,2,3,0,1
24,Masculino,Solteira(o),5,Estudante,0,1,1,0,1,1,2,1,1,0,0,2,3,2,1,2,1,0,1,3,1,0
23,Masculino,Solteira(o),3,Estudante,0,2,1,2,2,1,1,1,4,-1,0,2,1,2,2,1,1,1,1,2,-1,0
23,Masculino,Solteira(o),8,Estudante,0,1,1,0,1,1,1,3,1,2,0,2,3,1,2,1,1,2,3,2,1,0
27,Masculino,Solteira(o),3,Estudante,0,1,0,1,1,0,2,1,0,2,0,3,3,3,2,2,1,3,1,2,0,1
21,Masculino,Solteira(o),6,Estudante,0,1,1,2,1,1,3,1,1,0,1,3,2,2,2,1,1,1,1,2,2,0
20,Masculino,Solteira(o),8,Estudante,0,1,0,1,-1,0,1,0,1,1,3,2,1,0,1,1,1,0,4,2,2,1
20,Masculino,Solteira(o),1,Estudante,0,2,2,1,3,2,1,1,2,1,1,3,2,0,2,1,1,1,1,-1,0,2
19,Masculino,Solteira(o),5,Estudante,0,2,1,0,1,1,2,1,3,0,0,3,1,1,1,0,2,1,2,0,1,1
20,Masculino,Solteira(o),4,Estudante,0,-1,0,0,1,0,3,2,1,1,2,2,1,2,2,1,1,1,4,2,0,0
19,Masculino,Solteira(o),6,Estudante,0,1,1,0,1,1,3,1,0,1,3,3,-1,1,0,1,1,1,0,1,2,2
28,Masculino,Solteira(o),7,Estudante,0,2,2,2,1,2,1,3,0,1,0,1,2,1,2,1,0,1,0,1,1,0
32,Masculino,Solteira(o),1,Estudante,0,0,1,1,0,1,2,1,2,2,2,2,0,0,1,0,1,0,2,0,1,2
27,Masculino,Solteira(o),6,Estudante,0,0,1,2,2,1,1,2,2,2,1,0,2,1,1,0,1,0,2,1,1,1
15,Masculino,Solteira(o),5,Estudante,0,2,1,0,0,1,1,0,-1,0,0,2,2,1,1,-1,0,0,1,1,0,1
20,Masculino,Solteira(o),4,Estudante,0,1,1,0,2,1,2,4,1,3,1,1,1,0,3,2,3,2,2,1,0,1
30,Masculino,Solteira(o),6,Estudante,0,1,3,0,1,3,1,1,2,2,1,1,0,2,3,2,2,1,1,1,0,1
21,Masculino,Solteira(o),4,Estudante,0,2,3,0,-1,3,1,2,1,2,1,2,1,2,2,2,2,0,1,0,3,0
17,Masculino,Solteira(o),1,Estudante,0,2,1,1,1,1,1,2,3,1,1,2,3,1,1,3,0,1,3,2,0,2
22,Masculino,Solteira(o),1,Estudante,0,1,1,1,0,1,3,1,0,2,1,0,2,1,0,1,2,2,0,1,0,1
21,Masculino,Solteira(o),5,Estudante,0,1,1,1,2,1,1,0,0,1,3,2,2,1,2,1,2,-1,2,2,1,1
20,Masculino,Solteira(o),5,Estudante,0,2,0,1,1,0,3,3,1,2,2,1,0,1,2,1,2,2,2,0,-1,-1
27,Masculino,Solteira(o),9,Estudante,0,1,2,0,0,2,2,0,0,1,2,2,2,0,0,1,1,-1,2,1,1,0
26,Masculino,Solteira(o),4,Estudante,0,1,1,2,3,1,3,0,2,2,1,1,2,2,2,1,1,1,2,1,1,2
19,Masculino,Solteira(o),4,Estudante,0,1,0,1,1,0,1,0,3,0,1,2,3,0,0,0,-1,1,2,1,3,1
27,Masculino,Solteira(o),9,Estudante,0,3,1,0,1,1,1,0,2,0,0,2,1,0,2,2,0,1,3,2,2,1
23,Masculino,Solteira(o),7,Estudante,0,3,2,3,1,2,2,2,0,1,0,0,1,2,1,0,-1,1,3,2,0,1
25,Masculino,Solteira(o),5,Estudante,0,0,1,-1,1,1,3,1,2,0,1,2,0,2,-1,3,1,2,1,1,2,1
22,Masculino,Solteira(o),8,Estudante,0,0,2,2,1,2,1,1,1,1,1,2,1,-1,1,1,1,-1,2,2,1,1
16,Masculino,Solteira(o),3,Estudante,0,3,1,2,3,1,1,0,2,2,0,2,2,2,0,1,1,-1,2,2,2,-1
27,Masculino,Solteira(o),8,Estudante,0,1,0,1,1,0,2,1,2,2,2,3,3,1,2,1,-1,3,2,2,0,1
16,Masculino,Solteira(o),9,Estudante,0,0,2,0,2,2,0,-1,3,1,1,4,4,0,2,1,1,1,2,1,0,1
25,Masculino,Solteira(o),1,Estudante,0,2,1,0,1,1,1,2,1,0,0,2,1,1,1,2,1,0,3,1,0,0
20,Masculino,Solteira(o),2,Estudante,0,2,1,1,1,1,0,3,2,2,1,1,2,1,0,1,0,0,1,2,2,1
22,Masculino,Solteira(o),8,Estudante,0,1,2,1,1,2,2,1,3,2,0,3,2,0,1,2,1,1,1,2,-1,0
20,Masculino,Solteira(o),7,Estudante,0,0,2,1,0,2,2,3,2,1,1,1,3,0,0,2,2,1,1,1,1,0
28,Masculino,Casada(o),12,Estudante,0,3,3,1,0,3,3,2,1,0,1,3,1,1,2,1,1,1,1,2,2,2
20,Masculino,Casada(o),6,Estudante,0,0,0,2,1,0,2,1,1,1,0,4,2,2,2,1,1,0,2,1,0,3
20,Masculino,Casada(o),6,Estudante,0,2,1,1,2,1,1,1,2,0,1,0,1,3,1,1,1,0,1,2,2,1
19,Masculino,Casada(o),4,Estudante,0,1,1,0,1,1,2,2,2,2,2,2,2,1,0,2,2,2,2,1,1,1
17,Masculino,Casada(o),4,Estudante,0,3,1,0,-1,1,0,0,1,0,1,2,1,2,2,-1,0,3,3,2,0,1
23,Masculino,Casada(o),0,Estudante,0,2,1,1,3,1,2,0,1,2,0,2,2,0,0,1,1,1,1,1,1,2
21,Masculino,Casada(o),7,Estudante,0,1,1,1,1,1,2,1,2,-1,-1,2,2,2,0,0,0,2,0,2,2,0
17,Masculino,Casada(o),1,Estudante,0,2,-1,1,1,-1,1,0,3,3,2,1,2,3,1,1,1,2,2,2,0,1
18,Masculino,Casada(o),4,Estudante,0,1,3,0,1,3,2,2,0,0,0,2,2,2,1,2,3,2,1,1,2,1
23,Masculino,Casada(o),4,Estudante,0,1,2,0,1,2,1,0,1,2,2,2,2,1,0,1,1,-1,3,2,1,0
27,Masculino,Casada(o),4,Estudante,0,1,0,2,2,0,3,4,2,0,2,1,2,2,2,1,2,1,2,3,3,0
28,Masculino,Casada(o),10,Estudante,0,2,0,1,2,0,0,2,3,0,0,1,1,1,1,0,1,1,3,0,2,0
25,Masculino,Casada(o),6,Estudante,0,1,0,0,2,0,-1,-1,1,1,1,2,2,2,1,0,0,-1,2,0,0,2
15,Masculino,Casada(o),4,Estudante,0,2,2,2,2,2,1,1,1,1,2,2,2,2,1,2,2,2,1,2,2,0
23,Masculino,Casada(o),7,Estudante,0,1,1,-1,1,1,2,-1,1,2,1,3,0,0,2,0,1,1,1,1,2,1
22,Masculino,Casada(o),6,Estudante,0,2,1,0,2,1,1,2,3,-1,2,2,2,0,0,3,1,0,2,0,1,2
21,Masculino,Casada(o),7,Estudante,0,2,0,1,1,0,2,0,2,2,2,1,3,1,1,-1,1,2,3,2,1,2
24,Masculino,Casada(o),5,Estudante,0,1,3,1,3,3,1,1,1,0,1,2,2,1,0,0,1,1,3,2,2,-1
24,Masculino,Casada(o),9,Estudante,0,1,2,0,2,2,3,0,2,1,0,0,2,3,3,1,2,0,1,3,0,0
20,Masculino,Casada(o),6,Estudante,0,2,2,3,1,2,3,2,2,1,2,1,0,3,2,1,1,3,1,1,-1,1
19,Masculino,Casada(o),6,Estudante,0,2,1,1,2,1,0,1,2,3,1,2,1,2,1,2,1,-1,2,2,3,2
18,Masculino,Casada(o),6,Estudante,0,1,0,1,1,0,1,1,2,2,0,1,3,1,2,1,0,1,0,1,-1,-1
23,Masculino,Casada(o),0,Estudante,0,2,1,0,1,1,3,1,2,3,1,2,2,1,2,1,0,0,0,3,1,-1
21,Masculino,Casada(o),3,Estudante,0,3,0,2,2,0,0,-1,2,3,2,1,1,0,3,1,0,2,1,1,3,0
22,Masculino,Casada(o),3,Estudante,0,1,1,0,1,1,3,2,1,0,0,1,1,1,2,2,1,0,4,0,1,0
18,Masculino,Casada(o),7,Estudante,0,1,1,0,1,1,3,-1,1,4,3,1,2,1,0,1,0,0,1,3,1,0
24,Masculino,Casada(o),4,Estudante,0,0,1,1,2,1,0,4,0,1,-1,1,4,1,1,-1,2,2,2,1,3,0
19,Masculino,Casada(o),8,Estudante,0,2,2,0,1,2,3,2,2,0,2,1,1,-1,3,0,1,2,3,0,3,1
29,Masculino,Casada(o),6,Estudante,0,3,1,1,0,1,2,-1,2,1,1,0,1,2,1,1,1,1,2,2,2,2
20,Masculino,Casada(o),7,Estudante,0,1,2,0,1,2,1,0,2,2,2,1,1,2,3,1,2,0,2,1,0,2
20,Masculino,Casada(o),1,Estudante,0,3,3,0,1,3,0,0,1,1,2,2,2,1,2,2,2,0,2,3,1,0
23,Masculino,Casada(o),3,Estudante,0,2,0,1,1,0,1,0,0,3,2,1,2,0,2,1,1,1,2,3,0,1
13,Masculino,Solteira(o),7,Estudante,0,2,0,-1,0,0,4,2,1,0,1,2,1,0,2,1,0,2,3,2,1,1
25,Masculino,Solteira(o),2,Estudante,0,1,2,0,2,2,2,0,1,0,0,1,2,1,1,0,1,0,1,1,-1,1
27,Masculino,Solteira(o),2,Estudante,0,2,1,0,0,1,1,1,2,1,1,1,2,0,0,2,0,0,1,2,-1,0
19,Masculino,Solteira(o),1,Estudante,0,1,2,1,1,2,1,2,1,2,0,2,2,1,1,2,1,1,3,1,1,2
24,Masculino,Solteira(o),1,Estudante,0,2,2,1,-1,2,1,1,1,-1,2,0,1,0,2,2,0,2,4,3,1,0
21,Masculino,Solteira(o),7,Estudante,0,2,-1,0,1,-1,0,1,4,2,1,1,3,2,1,2,1,1,3,1,2,-1
19,Masculino,Solteira(o),8,Estudante,0,1,1,1,1,1,0,0,3,2,0,3,3,0,2,1,1,1,2,2,1,0
28,Masculino,Solteira(o),6,Estudante,0,2,3,1,1,3,3,1,2,1,1,3,2,3,0,0,0,0,3,1,2,1
27,Masculino,Solteira(o),7,Estudante,0,1,1,2,0,1,0,1,1,2,2,2,2,2,1,2,2,1,1,0,1,1
24,Masculino,Solteira(o),7,Estudante,0,1,0,-1,1,0,1,1,1,4,1,2,1,2,2,1,-1,0,4,1,1,2
24,Masculino,Solteira(o),3,Estudante,0,1,2,1,0,2,3,1,1,0,1,2,2,1,1,1,-1,1,2,1,0,1
18,Masculino,Solteira(o),4,Estudante,0,2,1,1,2,1,0,2,0,1,0,1,1,1,1,3,1,0,1,2,1,1
27,Masculino,Solteira(o),10,Estudante,0,1,2,0,2,2,1,0,2,1,1,2,1,2,2,-1,0,1,2,0,0,1
21,Masculino,Solteira(o),1,Estudante,1,1,1,0,3,1,1,0,3,1,1,2,2,3,2,1,0,2,0,2,0,1
22,Masculino,Solteira(o),7,Estudante,0,3,2,1,1,2,1,2,1,0,1,1,1,1,2,0,2,2,1,2,1,2
25,Masculino,Solteira(o),1,Estudante,0,1,1,1,2,1,3,3,1,3,0,1,4,2,1,1,2,0,1,1,1,1
22,Masculino,Solteira(o),6,Estudante,0,1,1,0,2,1,1,0,1,0,1,1,1,2,1,2,1,1,1,3,1,0
23,Masculino,Solteira(o),6,Estudante,0,0,1,1,2,1,1,0,1,2,1,2,2,3,0,0,0,0,2,-2,2,2
22,Masculino,Solteira(o),8,Estudante,0,3,0,1,2,0,2,2,2,0,0,2,2,0,0,-1,1,2,2,2,3,2
22,Masculino,Solteira(o),5,Estudante,0,4,1,-1,1,1,1,0,3,1,1,0,2,2,3,1,2,2,0,1,1,0
21,Masculino,Solteira(o),6,Estudante,0,3,-1,2,1,-1,2,2,1,2,1,2,2,2,2,1,0,1,3,2,0,2
24,Masculino,Solteira(o),8,Estudante,0,2,0,1,2,0,2,0,2,2,0,2,2,0,2,1,1,1,2,2,3,0
15,Masculino,Solteira(o),4,Estudante,0,1,0,0,1,0,1,1,2,0,0,0,1,2,1,0,2,0,1,2,2,0
24,Masculino,Solteira(o),3,Estudante,0,2,1,1,0,1,2,1,2,3,1,0,2,2,2,1,0,2,1,3,1,0
26,Masculino,Solteira(o),11,Estudante,0,1,2,0,1,2,1,0,1,0,2,1,2,1,0,2,1,1,1,3,0,3
26,Masculino,Solteira(o),6,Estudante,0,1,0,2,2,0,2,1,2,2,-1,2,2,0,1,0,0,-1,1,3,0,1
31,Masculino,Solteira(o),1,Estudante,0,1,1,2,1,1,1,1,0,0,3,3,3,1,2,0,1,1,2,1,2,2
21,Masculino,Solteira(o),10,Estudante,0,2,0,1,-1,0,0,1,1,2,0,1,2,1,1,-1,1,0,1,2,2,0
29,Masculino,Solteira(o),6,Estudante,0,2,0,1,0,0,1,1,1,2,0,1,3,1,1,0,1,1,2,1,2,1
22,Masculino,Solteira(o),4,Estudante,0,-1,1,0,2,1,1,0,1,2,1,4,3,2,0,0,0,0,2,2,0,2
15,Masculino,Solteira(o),4,Estudante,0,3,3,1,0,3,0,1,1,2,2,3,2,2,3,1,0,2,2,2,1,2
18,Masculino,Solteira(o),5,Estudante,0,1,1,1,2,1,4,1,1,1,1,2,1,2,1,2,-1,2,1,2,1,-1
24,Masculino,Solteira(o),6,Estudante,0,1,2,0,0,2,2,0,1,1,1,1,2,1,2,1,2,0,2,1,1,-1
24,Masculino,Solteira(o),8,Estudante,0,1,2,2,2,2,2,-2,2,2,-1,1,2,2,0,0,0,0,2,3,-2,1
22,Masculino,Solteira(o),9,Estudante,0,2,2,1,2,2,0,-1,1,1,2,1,1,1,-1,0,0,0,3,0,1,0
18,Masculino,Solteira(o),1,Estudante,0,1,2,1,2,2,2,1,1,1,1,1,2,1,0,0,1,1,2,1,0,1
20,Masculino,Solteira(o),3,Estudante,0,2,0,0,0,0,3,1,2,0,0,1,2,0,-1,-1,0,2,1,0,2,0
21,Masculino,Solteira(o),7,Estudante,0,0,2,2,0,2,2,3,2,1,0,2,2,2,1,3,0,0,2,2,0,0
23,Masculino,Solteira(o),7,Estudante,0,1,2,1,0,2,3,-1,1,0,0,1,3,2,1,0,2,1,1,3,0,0
23,Masculino,Solteira(o),1,Estudante,0,3,0,2,1,0,0,2,3,1,1,1,3,2,2,1,1,1,3,3,0,1
25,Masculino,Solteira(o),3,Estudante,0,1,2,1,1,2,2,1,2,0,0,2,1,3,-1,1,2,0,1,2,2,3
19,Masculino,Solteira(o),3,Estudante,0,1,3,1,2,3,2,1,0,1,1,3,3,3,1,0,0,3,2,0,0,2
26,Masculino,Solteira(o),2,Estudante,0,3,2,2,0,2,2,2,0,2,2,0,1,1,0,1,1,1,2,1,4,0
27,Masculino,Solteira(o),4,Estudante,0,2,1,0,1,1,3,2,2,0,1,1,0,1,1,0,1,2,0,0,2,1
14,Masculino,Solteira(o),2,Estudante,0,2,1,1,0,1,2,2,2,1,1,1,2,1,1,2,0,1,2,-1,2,1
23,Masculino,Solteira(o),3,Estudante,0,2,1,0,1,1,2,1,0,2,2,3,2,1,2,1,-1,1,1,2,0,0
18,Masculino,Solteira(o),4,Estudante,0,1,2,0,1,2,2,2,2,2,1,1,3,1,1,1,1,1,1,2,2,1
23,Masculino,Solteira(o),6,Estudante,0,0,2,0,1,2,1,3,1,2,1,1,2,1,0,1,-1,1,1,3,1,0
27,Masculino,Solteira(o),7,Estudante,0,1,1,2,1,1,2,1,2,2,1,4,2,0,1,1,0,2,-1,1,1,1
16,Masculino,Solteira(o),3,Estudante,0,0,1,1,1,1,1,1,2,1,1,3,1,2,1,1,0,2,3,1,0,0
24,Masculino,Solteira(o),9,Estudante,0,1,1,2,-1,1,2,-1,1,2,1,0,1,1,2,1,1,1,2,3,1,1
23,Masculino,Solteira(o),5,Estudante,0,1,2,1,1,2,3,1,2,-2,1,0,2,2,2,-1,1,1,0,0,1,1
27,Masculino,Solteira(o),1,Estudante,0,2,0,-1,2,0,3,1,1,2,1,2,4,0,1,2,0,1,1,0,0,1
35,Masculino,Solteira(o),9,Estudante,0,0,2,0,2,2,0,2,1,0,2,3,3,1,0,-1,0,0,3,2,0,2
26,Masculino,Solteira(o),0,Estudante,0,2,2,1,1,2,0,1,2,2,3,1,1,1,1,0,1,1,0,1,1,1
22,Masculino,Solteira(o),2,Estudante,0,1,3,1,1,3,2,0,2,1,0,0,1,1,1,1,2,-1,4,1,3,2
27,Masculino,Solteira(o),1,Estudante,0,2,2,0,2,2,1,2,-1,1,1,1,2,3,2,1,1,0,3,2,1,0
21,Masculino,Solteira(o),7,Estudante,0,2,0,0,2,0,2,2,2,1,0,2,3,0,0,3,1,1,2,0,1,3
21,Masculino,Solteira(o),4,Estudante,0,1,0,0,1,0,1,1,2,1,2,1,3,2,2,1,1,1,1,2,1,0
25,Masculino,Solteira(o),4,Estudante,0,1,2,2,1,2,2,0,1,1,1,2,3,1,2,1,2,2,1,1,1,0
22,Masculino,Solteira(o),1,Estudante,0,2,0,0,1,0,3,1,3,-2,2,2,2,2,2,1,1,1,3,0,1,2
22,Masculino,Solteira(o),4,Estudante,0,1,2,1,0,2,1,2,1,3,0,2,2,1,1,1,1,0,3,0,1,0
19,Masculino,Solteira(o),6,Estudante,0,0,0,1,2,0,0,1,1,-1,0,2,2,0,1,1,1,3,0,1,1,0
20,Masculino,Solteira(o),7,Estudante,0,0,2,-1,1,2,2,0,3,2,2,1,2,2,2,1,2,0,1,2,0,2
23,Masculino,Solteira(o),6,Estudante,0,2,0,1,1,0,1,3,2,4,1,0,1,0,2,1,0,0,2,-1,2,1
26,Masculino,Solteira(o),7,Estudante,0,1,2,1,2,2,3,2,1,0,2,2,2,2,0,0,1,0,2,1,0,0
15,Masculino,Solteira(o),6,Estudante,0,0,2,0,2,2,2,2,2,0,2,2,2,1,2,1,1,2,1,3,-1,0
13,Masculino,Solteira(o),7,Estudante,0,1,0,1,0,0,1,1,-2,2,-1,3,3,1,1,2,0,1,1,3,0,0
21,Masculino,Solteira(o),3,Estudante,0,3,1,2,1,1,0,2,2,-1,1,-1,2,1,0,2,1,0,1,2,1,0
18,Masculino,Solteira(o),2,Estudante,0,2,1,0,1,1,1,2,2,1,1,2,3,0,1,-1,1,0,4,1,1,1
17,Masculino,Solteira(o),0,Estudante,0,1,0,2,2,0,0,2,1,2,1,2,3,1,2,2,0,2,3,2,1,2
24,Masculino,Solteira(o),4,Estudante,0,0,0,1,1,0,2,2,1,1,0,2,2,1,1,1,0,0,2,2,2,-1
19,Masculino,Solteira(o),3,Estudante,0,3,2,0,1,2,2,1,2,1,1,1,3,2,1,4,0,1,2,0,0,2
25,Masculino,Solteira(o),6,Estudante,0,2,0,2,-2,0,2,1,0,1,1,3,2,2,2,1,-1,2,2,2,2,0
26,Masculino,Solteira(o),6,Estudante,0,1,1,1,2,1,2,2,1,2,1,3,1,1,1,1,1,2,1,1,-1,0
17,Masculino,Solteira(o),12,Estudante,0,0,1,0,1,1,1,2,2,2,1,2,1,2,0,1,1,1,1,0,1,1
9,Masculino,Solteira(o),8,Estudante,0,2,1,1,1,1,2,1,0,0,2,2,2,1,1,1,2,0,2,3,1,0
20,Masculino,Solteira(o),4,Estudante,0,2,3,0,0,3,2,3,1,2,2,2,1,2,0,1,1,2,1,2,1,3
21,Masculino,Solteira(o),3,Estudante,0,2,2,0,0,2,2,0,1,1,1,1,1,0,0,1,2,2,3,2,1,2
25,Masculino,Solteira(o),3,Estudante,0,2,1,-1,2,1,2,0,1,3,1,4,3,2,0,0,1,1,1,0,1,0
16,Masculino,Solteira(o),9,Estudante,0,1,2,1,1,2,2,1,2,3,0,1,1,0,1,1,0,0,2,2,0,2
20,Masculino,Solteira(o),7,Estudante,0,0,1,0,2,1,3,1,1,2,1,1,4,2,1,-1,-1,0,2,1,2,1
24,Masculino,Solteira(o),3,Estudante,0,1,0,1,1,0,3,2,1,0,0,1,0,1,4,0,1,3,0,1,0,2
24,Masculino,Solteira(o),3,Estudante,0,2,1,0,0,1,2,1,2,3,3,1,2,2,2,2,1,0,2,3,0,-1
13,Masculino,Solteira(o),3,Estudante,0,1,0,1,1,0,2,1,0,2,-1,2,1,1,1,1,1,2,2,0,2,2
15,Masculino,Solteira(o),11,Estudante,0,2,1,0,2,1,2,3,3,2,0,3,0,0,0,2,1,1,1,0,3,1
16,Masculino,Solteira(o),2,Estudante,0,3,0,0,-1,0,2,0,1,1,0,2,2,0,1,1,1,2,2,3,0,1
17,Masculino,Solteira(o),4,Estudante,0,1,1,-1,0,1,2,1,2,1,1,2,2,0,2,0,0,3,1,-1,0,1
24,Masculino,Solteira(o),1,Estudante,0,2,2,0,3,2,2,1,1,3,0,2,1,2,1,2,0,1,1,2,1,1
16,Masculino,Solteira(o),1,Estudante,0,1,1,2,1,1,2,2,0,2,2,1,1,2,0,1,2,1,3,1,1,1
20,Masculino,Solteira(o),5,Estudante,0,2,2,2,1,2,1,2,2,1,0,2,2,2,1,2,1,1,1,0,0,0
26,Masculino,Solteira(o),4,Estudante,0,2,1,0,0,1,3,1,2,2,0,2,1,2,1,1,0,0,-1,1,1,1
20,Masculino,Solteira(o),5,Estudante,0,2,1,-1,1,1,0,1,0,1,1,1,3,1,0,2,2,2,0,2,1,0
13,Masculino,Solteira(o),7,Estudante,0,0,2,1,1,2,2,1,2,1,0,1,1,1,2,2,1,1,2,0,1,1
28,Masculino,Solteira(o),1,Estudante,0,2,1,0,2,1,2,1,1,2,2,3,3,0,1,1,1,1,1,0,-1,0
30,Masculino,Solteira(o),8,Estudante,0,2,2,0,2,2,2,3,1,1,2,2,2,2,2,0,2,2,1,2,1,1
29,Masculino,Solteira(o),8,Estudante,0,2,0,1,1,0,0,1,2,1,2,0,1,1,2,0,1,2,0,3,1,0
27,Masculino,Solteira(o),7,Estudante,0,0,1,1,0,1,2,1,2,1,2,3,1,2,0,0,1,1,3,0,1,2
23,Masculino,Solteira(o),8,Estudante,0,1,0,2,3,0,1,1,3,1,3,2,2,2,0,2,0,3,0,2,1,1
22,Masculino,Solteira(o),4,Estudante,0,2,1,1,0,1,1,2,1,1,1,2,2,0,0,1,2,1,1,2,-1,0
22,Masculino,Solteira(o),3,Estudante,0,0,0,2,1,0,2,-1,1,2,1,1,2,1,2,2,2,2,0,1,1,1
17,Masculino,Solteira(o),8,Estudante,0,2,2,-1,0,2,1,1,0,0,1,2,2,1,2,1,0,1,3,0,0,2
14,Masculino,Solteira(o),4,Estudante,0,2,2,1,2,2,2,3,2,2,-2,3,1,3,2,0,1,1,2,2,1,0
23,Masculino,Solteira(o),4,Estudante,0,2,1,1,1,1,1,2,3,3,0,2,2,1,2,0,0,3,1,1,0,1
28,Masculino,Solteira(o),9,Estudante,0,0,2,2,1,2,3,2,1,1,0,1,2,-1,0,1,2,1,2,0,2,1
22,Masculino,Solteira(o),3,Estudante,0,2,1,0,3,1,3,0,2,1,1,1,3,1,1,0,1,3,0,2,1,0
18,Masculino,Solteira(o),7,Estudante,0,3,1,1,1,1,1,1,3,1,0,2,1,1,0,1,1,1,1,4,3,2
22,Masculino,Solteira(o),2,Estudante,0,2,1,1,1,1,0,1,2,2,3,1,2,0,1,2,1,2,2,0,1,1
23,Masculino,Solteira(o),7,Estudante,0,0,2,0,2,2,2,-1,1,2,-1,0,-2,3,1,1,-1,1,2,0,1,2
