,Age,Gender,Marital_Status,Grad_Period,Ocupation,Children,S1,A2,D3,A4,D5,S6,A7,S8,A9,D10,S11,S12,D13,S14,A15,D16,D17,S18,A19,A20,D21
0,34,Masculino,Solteira(o),9,Estudante e Trabalho,0,0,0,0,1,2,1,1,1,3,0,3,2,1,1,1,1,0,1,2,2,0
1,23,Masculino,Solteira(o),9,Estudante,0,1,1,1,0,2,3,0,0,0,2,1,1,0,2,0,1,0,1,0,0,1
2,25,Feminino,Solteira(o),9,Estudante,0,1,1,1,1,2,1,0,1,0,1,1,0,2,0,0,1,1,0,1,1,0
3,24,Feminino,Solteira(o),9,Estudante,0,1,1,0,1,1,0,0,1,1,1,1,1,1,1,1,0,0,2,0,1,0
4,22,Masculino,Solteira(o),9,Estudante,0,1,1,1,1,1,1,1,1,1,1,1,1,1,1,1,1,1,1,1,1,1
5,21,Feminino,Solteira(o),9,Estudante,0,1,2,1,1,1,1,1,1,1,0,1,1,1,0,1,0,1,1,1,1,0
6,22,Feminino,Solteira(o),9,Estudante,0,1,1,1,1,2,1,0,1,1,1,1,1,1,1,1,1,0,1,2,0,1
7,23,Feminino,Solteira(o),9,Estudante,0,1,1,2,1,1,1,1,1,0,1,1,1,1,1,1,1,0,2,1,0,0
8,25,Feminino,Solteira(o),9,Estudante,0,2,2,2,1,1,2,0,2,1,3,0,2,3,2,1,1,0,2,1,2,3
9,23,Feminino,Solteira(o),1,Estudante,0,1,1,1,2,2,3,1,3,3,0,2,2,0,3,2,0,2,3,2,3,0
10,22,Feminino,Solteira(o),9,Estudante,0,2,0,1,1,2,1,0,2,0,1,2,1,2,1,1,1,1,1,1,0,1
11,22,Masculino,Solteira(o),9,Estudante,0,0,0,0,0,1,0,0,0,0,1,0,0,0,0,0,0,0,0,0,0,0
12,25,Feminino,Solteira(o),9,Estudante,0,1,0,1,0,1,1,0,0,2,0,0,1,1,0,0,0,1,2,1,0,0
13,22,Feminino,Solteira(o),11,Estudante,0,2,1,1,1,1,1,1,1,1,1,1,1,1,1,1,1,1,1,1,1,1
14,20,Feminino,Solteira(o),1,Estudante,0,1,1,0,1,1,0,1,2,1,0,3,2,0,1,1,0,0,1,1,0,0
15,19,Feminino,Solteira(o),1,Estudante,0,1,0,0,2,0,0,1,0,0,0,1,1,0,0,2,0,0,3,1,1,0
16,19,Feminino,Solteira(o),1,Estudante,0,1,1,3,3,3,3,3,3,3,3,3,3,3,3,3,2,3,3,3,2,3
17,18,Feminino,Solteira(o),1,Estudante,0,2,1,1,1,0,3,2,3,3,1,3,3,1,2,1,0,1,3,1,2,2
18,19,Feminino,Solteira(o),1,Estudante,0,1,1,0,1,1,2,2,2,3,1,2,2,1,2,2,1,2,2,1,1,1
19,17,Feminino,Solteira(o),1,Estudante,0,1,0,0,0,1,1,2,3,1,1,1,1,0,1,0,1,1,1,0,2,0
20,30,Feminino,Casada(o),1,Estudante,0,2,2,1,1,1,2,2,2,2,1,2,1,1,1,2,1,1,2,2,2,1
21,23,Feminino,Solteira(o),1,Estudante,0,2,2,1,3,2,2,2,2,3,2,2,2,2,1,2,2,2,1,3,3,1
22,20,Feminino,Solteira(o),1,Estudante,0,2,1,1,1,3,1,3,2,2,3,3,3,1,1,2,1,3,3,3,3,0
23,19,Feminino,Solteira(o),5,Estudante,0,2,1,1,1,1,1,0,1,1,0,1,1,1,1,1,0,2,3,2,1,1
24,17,Feminino,Solteira(o),1,Estudante,0,3,2,1,3,2,2,3,3,3,0,2,3,2,1,3,1,1,2,3,3,1
25,18,Feminino,Solteira(o),1,Estudante,0,2,1,0,2,2,3,1,3,3,2,3,3,1,3,3,1,1,3,3,3,0
26,18,Feminino,Solteira(o),1,Estudante,0,0,0,0,0,1,0,1,0,0,0,1,1,0,0,0,0,0,0,0,1,0
27,20,Feminino,Solteira(o),5,Estudante,0,0,1,0,0,1,1,1,0,1,0,1,1,1,0,0,0,0,1,1,0,0
28,17,Feminino,Solteira(o),1,Estudante,0,1,0,0,1,1,1,1,0,1,0,1,1,0,0,1,0,0,1,1,1,0
29,29,Feminino,Solteira(o),5,Estudante,0,1,2,1,2,1,3,1,2,2,1,3,2,2,1,2,1,1,2,3,3,2
30,20,Feminino,Solteira(o),1,Estudante,0,1,2,0,1,3,1,2,3,1,0,3,3,1,0,1,0,1,2,1,2,1
31,18,Feminino,Solteira(o),1,Estudante,0,2,2,1,3,3,2,2,3,3,1,2,2,2,1,2,1,1,3,3,2,1
32,21,Feminino,Solteira(o),5,Estudante e Trabalho,0,1,1,1,2,2,1,2,1,3,1,2,2,1,0,1,1,1,1,1,1,1
33,20,Feminino,Solteira(o),5,Estudante,0,0,1,0,1,2,0,1,2,1,1,0,1,1,1,0,1,0,1,1,1,0
34,20,Feminino,Solteira(o),5,Estudante,0,2,2,0,2,0,2,2,2,1,0,3,2,0,0,0,0,0,2,0,0,0
35,18,Feminino,Solteira(o),1,Estudante,0,1,0,1,1,2,2,3,2,1,1,1,2,0,2,0,1,2,3,3,1,1
36,41,Feminino,Solteira(o),5,Estudante,0,2,1,1,1,2,2,1,2,2,1,3,3,2,2,2,1,0,3,2,1,1
37,21,Feminino,Solteira(o),4,Estudante,0,3,2,0,3,1,2,3,3,3,0,2,3,3,2,3,1,3,3,3,3,1
38,22,Feminino,Solteira(o),4,Estudante,0,1,2,0,1,2,1,0,1,0,0,2,2,1,2,0,1,0,1,2,0,0
39,23,Feminino,Solteira(o),4,Estudante,0,2,3,2,2,1,1,2,2,3,1,1,2,3,1,1,2,3,2,1,1,2
40,21,Masculino,Solteira(o),4,Estudante,0,1,0,0,0,1,0,0,1,0,1,1,2,1,1,0,1,1,1,0,1,0
41,20,Feminino,Solteira(o),4,Estudante,0,1,0,1,3,3,2,1,1,1,1,3,2,2,3,1,1,1,2,2,2,1
42,21,Feminino,Solteira(o),4,Estudante e Trabalho,0,3,2,2,2,3,3,1,2,3,2,2,3,2,3,2,2,2,2,1,3,2
43,20,Feminino,Solteira(o),4,Estudante,0,2,3,1,2,1,2,2,2,1,0,2,3,1,1,1,1,1,1,2,1,0
44,22,Feminino,Solteira(o),4,Estudante,0,1,1,0,3,1,1,2,2,3,3,1,2,2,0,2,2,1,3,2,1,2
45,18,Feminino,Solteira(o),1,Estudante,0,2,2,1,1,1,2,2,1,1,1,1,1,1,1,1,1,1,1,1,1,1
46,17,Feminino,Solteira(o),1,Estudante,0,2,3,0,2,1,3,1,0,3,3,1,3,0,3,1,0,3,2,3,2,0
47,24,Masculino,Solteira(o),6,Estudante,0,1,1,2,1,3,1,2,2,1,1,2,2,2,1,1,2,2,2,2,1,2
48,25,Feminino,Solteira(o),8,Estudante,0,1,2,0,2,1,2,2,2,2,0,2,2,1,2,1,0,1,1,1,2,0
49,21,Feminino,Solteira(o),8,Estudante,0,1,0,0,0,1,2,0,1,0,0,1,3,0,1,0,0,0,2,0,0,0
50,25,Feminino,Solteira(o),9,Estudante,0,1,1,0,0,0,0,1,1,1,0,0,1,1,0,0,0,0,1,0,0,0
51,24,Feminino,Solteira(o),9,Estudante,0,1,1,1,2,3,3,1,3,2,1,3,3,2,1,2,2,1,2,2,1,1
52,19,Feminino,Solteira(o),2,Estudante,0,3,1,1,2,3,3,2,3,3,1,2,2,2,1,3,1,2,3,2,2,1
53,19,Feminino,Solteira(o),2,Estudante,0,3,3,1,3,3,2,3,3,2,2,3,3,3,0,3,1,3,3,3,3,3
54,19,Feminino,Solteira(o),2,Estudante,0,2,1,2,3,1,2,3,3,3,3,2,3,3,2,3,1,1,3,3,3,1
55,27,Outro,Solteira(o),4,Estudante,0,2,2,1,2,2,1,2,2,2,2,2,2,2,2,2,1,1,2,2,2,2
56,20,Masculino,Solteira(o),6,Estudante e Trabalho,0,1,1,1,1,2,0,0,2,1,1,0,2,2,1,0,2,1,0,1,1,1
57,22,Feminino,Solteira(o),4,Estudante,0,1,2,1,2,3,2,2,2,0,1,2,3,1,2,2,2,2,2,3,3,1
58,28,Feminino,Solteira(o),5,Estudante,0,1,3,0,3,2,2,2,2,2,1,3,3,2,2,2,2,0,2,2,2,0
59,28,Feminino,Solteira(o),7,Estudante,0,1,1,1,2,3,2,0,1,2,0,2,2,2,0,0,0,1,1,2,2,0
60,24,Feminino,Solteira(o),7,Estudante,0,2,1,0,0,2,1,0,2,1,0,1,1,2,0,0,1,0,2,0,0,0
61,23,Feminino,Solteira(o),5,Estudante,0,2,2,3,3,3,3,2,3,3,3,2,3,3,1,3,3,3,3,3,3,3
62,23,Masculino,Solteira(o),7,Estudante,0,0,0,0,0,0,1,0,0,0,0,0,0,0,0,0,0,0,0,0,0,0
63,20,Masculino,Solteira(o),6,Estudante,0,2,0,0,1,1,0,0,1,1,0,1,2,0,1,0,0,0,0,1,1,0
64,28,Feminino,Solteira(o),3,Estudante,0,3,1,1,0,1,1,2,3,1,2,0,2,2,2,1,2,1,1,1,0,1
65,27,Masculino,Solteira(o),7,Estudante e Trabalho,0,0,2,1,0,3,0,2,0,0,3,3,3,2,0,1,2,3,0,3,0,3
66,22,Feminino,Solteira(o),7,Estudante,0,1,0,0,1,1,1,0,1,1,0,2,1,1,1,0,0,0,2,0,1,0
67,35,Feminino,Solteira(o),4,Estudante e Trabalho,0,1,1,0,0,1,1,0,0,0,0,2,1,0,0,0,0,0,1,0,0,0
68,24,Feminino,Solteira(o),2,Estudante e Trabalho,0,1,0,1,0,2,1,1,1,0,0,1,1,1,0,1,1,0,1,1,1,0
69,21,Feminino,Solteira(o),3,Estudante,0,2,1,0,1,1,2,1,2,2,1,2,2,0,1,1,1,0,2,2,2,0
70,18,Feminino,Solteira(o),3,Estudante,0,1,0,0,1,2,2,1,1,0,0,2,2,1,1,0,2,0,1,0,1,0
71,24,Masculino,Solteira(o),3,Estudante,1,0,1,1,0,1,2,0,1,0,1,2,1,2,0,1,1,1,2,0,0,2
72,18,Feminino,Solteira(o),3,Estudante,0,3,2,0,0,2,2,0,3,3,0,2,2,1,1,1,0,0,3,1,1,1
73,18,Feminino,Solteira(o),3,Estudante,0,1,1,0,1,1,0,0,2,2,0,3,3,0,0,1,0,1,2,0,1,1
74,20,Masculino,Solteira(o),3,Estudante,0,0,0,0,0,1,0,0,0,0,0,1,1,0,0,0,0,0,0,0,0,0
75,19,Feminino,Solteira(o),3,Estudante,0,2,1,2,1,1,0,0,3,2,2,2,2,1,2,2,1,1,0,0,0,1
76,18,Feminino,Solteira(o),3,Estudante,0,1,3,0,2,2,2,3,2,2,1,3,2,0,1,1,1,2,3,2,2,1
77,20,Feminino,Solteira(o),3,Estudante,0,2,1,1,2,3,1,1,2,1,2,3,2,3,3,2,2,2,3,3,2,2
78,24,Feminino,Solteira(o),3,Estudante,0,1,1,1,0,1,1,2,2,2,2,3,3,3,1,1,1,2,2,2,3,2
79,19,Feminino,Solteira(o),3,Estudante e Trabalho,0,2,2,2,1,3,3,1,3,3,3,3,3,3,2,2,3,2,3,1,2,3
80,27,Masculino,Solteira(o),3,Estudante,0,0,1,0,0,0,0,0,0,0,0,1,0,0,1,0,0,0,0,0,0,0
81,30,Masculino,Solteira(o),3,Estudante,0,1,0,0,0,2,0,1,0,0,1,1,2,1,1,0,1,0,0,0,0,0
82,18,Feminino,Solteira(o),3,Estudante,0,2,1,1,1,2,2,1,2,1,1,1,2,0,1,1,1,2,2,1,1,0
83,44,Feminino,Solteira(o),3,Estudante e Trabalho,0,1,1,1,1,1,1,0,0,1,0,0,1,1,1,0,0,0,1,1,0,0
84,21,Feminino,Solteira(o),1,Estudante,0,1,2,0,1,2,2,1,2,1,0,1,1,0,1,0,0,0,1,0,1,0
85,30,Feminino,Solteira(o),5,Estudante,0,1,2,1,1,0,1,1,1,2,0,1,1,1,1,2,1,2,2,2,1,1
86,19,Feminino,Solteira(o),1,Estudante,0,1,1,0,1,2,2,0,2,2,2,1,1,2,1,2,1,1,1,0,3,0
87,20,Feminino,Solteira(o),5,Estudante,0,1,2,0,2,2,1,1,2,1,1,2,2,1,1,1,1,0,2,2,1,0
88,22,Masculino,Solteira(o),9,Estudante,0,1,0,1,0,2,0,0,1,0,0,0,2,0,2,0,0,0,0,1,0,0
89,22,Feminino,Solteira(o),3,Estudante,0,3,3,2,3,3,3,3,3,3,3,3,3,3,3,3,3,3,3,3,3,3
90,30,Feminino,Casada(o),6,Estudante,0,1,0,2,0,2,3,2,1,0,1,2,2,1,2,0,2,0,1,0,2,3
91,21,Masculino,Solteira(o),3,Estudante,0,1,0,1,0,1,1,2,2,0,0,1,1,2,2,0,1,1,2,0,0,0
92,19,Feminino,Solteira(o),5,Estudante,0,1,1,0,0,1,2,0,1,0,0,2,1,0,0,0,0,0,3,0,1,0
93,23,Feminino,Solteira(o),5,Estudante,0,2,2,2,1,2,2,1,2,1,1,3,2,2,2,1,2,2,3,1,2,2
94,24,Masculino,Solteira(o),9,Estudante,0,2,0,1,0,1,2,1,2,0,1,2,2,0,1,0,1,1,2,1,0,0
95,22,Feminino,Solteira(o),9,Estudante,0,2,0,0,2,1,1,1,2,2,0,2,2,1,0,1,1,0,1,2,0,0
96,19,Feminino,Solteira(o),3,Estudante,0,2,2,1,2,2,2,2,2,2,1,3,3,2,1,2,1,1,3,2,2,1
97,21,Feminino,Solteira(o),5,Estudante,0,1,2,0,0,1,1,0,1,1,0,0,0,1,0,0,1,0,1,0,1,0
98,21,Masculino,Solteira(o),5,Estudante,0,3,3,2,3,3,3,3,2,3,3,3,3,3,1,1,2,3,3,3,3,3
99,26,Feminino,Solteira(o),3,Estudante,0,3,2,0,3,1,3,3,3,3,0,3,3,0,1,3,1,0,3,3,3,0
100,18,Feminino,Solteira(o),3,Estudante,0,1,0,0,0,1,2,0,1,2,1,3,2,0,1,1,0,0,1,0,2,0
101,21,Feminino,Solteira(o),5,Estudante,0,1,0,0,0,2,0,0,0,0,2,0,1,3,2,0,2,0,2,0,0,0
102,18,Feminino,Solteira(o),1,Estudante,0,0,0,0,0,1,0,0,0,0,0,1,1,1,0,0,1,0,1,1,0,0
103,25,Feminino,Solteira(o),7,Estudante,0,0,0,0,0,0,0,0,0,0,0,0,0,0,0,0,0,0,0,0,0,0
104,22,Masculino,Solteira(o),5,Estudante e Trabalho,0,1,1,2,1,1,2,1,2,1,1,1,2,3,2,1,1,0,1,2,1,2
105,20,Feminino,Solteira(o),7,Estudante,0,1,0,0,1,0,3,0,1,0,1,1,1,1,0,0,1,0,3,1,0,0
106,23,Masculino,Solteira(o),5,Estudante,0,2,0,1,2,2,3,1,1,0,1,3,3,3,2,0,2,2,2,1,1,3
107,23,Feminino,Solteira(o),5,Estudante,0,1,2,1,0,3,0,0,2,2,1,1,3,3,1,0,1,1,1,0,0,0
108,22,Feminino,Solteira(o),7,Estudante,0,1,1,1,1,2,2,2,2,2,3,0,2,3,1,2,2,3,3,1,1,2
109,18,Feminino,Solteira(o),1,Estudante,0,1,1,1,1,1,1,1,2,2,0,1,2,0,0,1,0,0,2,1,2,0
110,19,Feminino,Solteira(o),3,Estudante,0,1,2,0,1,0,2,0,1,3,0,2,2,0,3,1,0,0,3,3,3,0
111,23,Feminino,Solteira(o),7,Estudante,0,2,1,1,2,1,2,1,2,1,0,2,2,2,3,2,1,1,1,2,2,1
112,18,Masculino,Solteira(o),1,Estudante,0,3,3,3,1,3,3,1,2,3,3,1,2,3,0,2,2,3,3,1,0,3
113,42,Feminino,Casada(o),2,Estudante,1,1,1,0,0,0,1,0,0,0,0,1,0,0,0,0,0,0,1,0,0,0
114,18,Feminino,Solteira(o),1,Estudante,0,0,0,0,0,1,1,0,0,0,0,1,0,0,0,0,0,0,0,0,1,0
115,20,Feminino,Solteira(o),7,Estudante,0,1,2,2,3,3,1,0,2,2,0,1,2,1,0,1,1,0,3,1,1,0
116,23,Feminino,Casada(o),5,Estudante,1,1,2,1,2,3,1,0,1,2,1,2,2,1,3,1,1,1,2,3,1,1
117,29,Feminino,Solteira(o),9,Estudante,0,1,0,0,1,3,2,2,1,3,0,2,2,2,1,1,2,2,3,1,2,0
118,22,Masculino,Solteira(o),8,Estudante,0,2,1,1,1,2,1,0,2,0,0,2,2,2,2,0,1,2,2,1,2,1
0,23,Masculino,Solteira(o),6,Estudante e Trabalho,0,2,2,1,0,3,2,3,3,2,3,3,3,2,2,1,1,2,3,0,0,1
1,17,Feminino,Solteira(o),2,Estudante,0,2,2,0,0,0,1,0,1,0,0,1,1,0,0,0,0,0,2,0,0,0
2,20,Feminino,Solteira(o),6,Estudante,0,1,2,0,2,1,1,2,2,2,1,2,2,2,0,2,0,0,3,0,0,0
3,19,Feminino,Solteira(o),6,Estudante,0,2,1,1,1,1,1,0,0,1,1,2,2,1,1,1,0,0,1,1,1,0
4,23,Feminino,Solteira(o),10,Estudante,0,1,2,0,1,0,1,1,1,1,0,1,2,0,1,0,0,0,2,1,1,0
5,25,Feminino,Solteira(o),6,Estudante,0,1,1,1,1,2,1,2,2,2,1,3,3,2,1,2,2,1,2,1,2,1
6,17,Feminino,Solteira(o),2,Estudante,0,2,1,1,2,3,2,1,2,0,1,2,2,1,3,1,1,1,2,2,0,1
7,28,Masculino,Solteira(o),6,Estudante,0,1,0,0,0,1,1,0,0,0,0,2,1,0,0,0,0,0,0,0,0,0
8,22,Feminino,Solteira(o),10,Estudante,0,2,0,0,0,0,1,0,1,0,0,1,2,0,1,0,0,1,1,1,1,0
9,21,Feminino,Solteira(o),6,Estudante,0,1,0,0,0,0,0,0,1,0,0,1,1,0,0,0,0,0,0,1,1,0
10,18,Feminino,Solteira(o),2,Estudante e Trabalho,0,3,1,1,3,1,3,1,3,3,3,1,2,3,2,3,1,2,3,3,2,3
11,22,Feminino,Solteira(o),8,Estudante,0,2,1,1,1,2,1,0,2,2,2,3,3,2,2,0,2,3,3,3,3,1
12,18,Feminino,Solteira(o),2,Estudante e Trabalho,0,1,1,1,2,3,3,2,3,1,3,3,3,3,1,1,2,2,2,2,2,3
13,20,Feminino,Solteira(o),2,Estudante e Trabalho,0,2,0,1,2,3,3,3,2,0,0,2,1,1,3,0,0,0,3,3,1,0
14,19,Masculino,Solteira(o),2,Estudante e Trabalho,0,0,1,0,0,1,0,0,0,0,1,1,0,0,0,0,0,0,0,0,0,0
15,20,Feminino,Solteira(o),6,Estudante,0,1,0,0,1,2,1,0,2,1,0,2,3,1,1,1,0,1,2,0,0,2
16,18,Feminino,Solteira(o),2,Estudante,0,1,1,0,2,2,0,1,2,3,1,3,3,2,0,0,1,2,3,3,0,0
17,18,Feminino,Solteira(o),2,Estudante,0,2,1,0,3,2,2,2,3,1,0,3,3,1,1,3,1,0,3,3,0,0
18,22,Feminino,Solteira(o),9,Estudante,0,2,2,1,0,2,2,0,1,1,1,2,2,1,1,1,1,1,2,1,1,1
19,25,Feminino,Solteira(o),9,Estudante,0,2,3,1,1,2,2,2,1,2,3,2,1,2,2,2,2,2,1,2,1,1
20,23,Feminino,Solteira(o),9,Estudante,0,1,0,0,2,2,3,1,1,2,2,3,2,0,3,1,1,0,3,2,1,0
21,23,Feminino,Solteira(o),9,Estudante,0,0,2,0,0,3,0,0,1,0,0,1,1,0,1,0,0,0,1,2,0,0
22,22,Masculino,Solteira(o),10,Estudante,0,1,2,1,2,2,0,0,1,1,0,3,2,1,1,1,0,1,0,1,0,0
23,23,Masculino,Solteira(o),10,Estudante,0,1,1,1,1,3,1,1,1,1,3,1,1,2,2,1,1,2,2,1,1,2
24,22,Masculino,Solteira(o),10,Estudante,0,1,0,0,0,1,1,1,0,0,1,1,1,2,0,0,1,1,0,0,0,1
25,22,Feminino,Solteira(o),10,Estudante,0,1,1,1,0,2,1,1,1,1,2,1,1,1,1,0,1,1,1,0,0,1
26,19,Feminino,Solteira(o),6,Estudante,0,1,3,1,1,1,2,0,1,0,2,0,1,1,0,1,1,2,1,0,1,1
27,20,Feminino,Solteira(o),6,Estudante,0,2,0,2,2,2,3,1,2,2,1,1,2,2,2,2,2,1,3,2,3,0
28,23,Feminino,Solteira(o),2,Estudante e Trabalho,0,1,0,2,2,1,1,0,1,1,0,1,1,2,0,1,1,0,2,2,0,0
29,18,Feminino,Solteira(o),1,Estudante e Trabalho,0,1,0,0,0,0,1,2,1,0,0,0,0,0,0,0,0,0,1,0,0,0
30,24,Feminino,Solteira(o),1,Estudante,0,1,1,0,0,0,1,0,1,1,0,2,1,0,1,1,0,0,1,0,1,0
31,22,Feminino,Solteira(o),8,Estudante e Trabalho,0,2,2,2,2,2,2,1,2,2,2,1,2,2,2,1,1,2,2,2,0,2
32,21,Feminino,Solteira(o),8,Estudante,0,2,0,1,3,3,1,3,2,1,2,2,1,2,1,0,0,1,1,2,1,1
33,34,Feminino,Casada(o),8,Estudante e Trabalho,1,0,1,0,0,1,0,0,0,0,1,1,2,1,0,0,0,1,1,1,0,1
34,24,Masculino,Solteira(o),7,Estudante,0,1,1,1,1,2,1,1,2,1,1,1,1,1,1,1,1,1,2,1,0,1
35,19,Feminino,Solteira(o),6,Estudante,0,1,1,1,2,2,2,0,1,2,2,2,2,2,2,1,2,1,3,1,2,2
36,26,Feminino,Solteira(o),6,Estudante,0,1,1,1,2,1,1,3,2,1,1,2,1,1,1,1,1,1,2,2,2,1
37,18,Masculino,Solteira(o),4,Estudante,0,0,0,0,0,2,1,0,1,0,2,2,0,1,0,0,0,1,0,1,0,0
38,21,Feminino,Solteira(o),8,Estudante,0,2,3,0,1,2,2,1,3,1,0,2,3,1,1,1,2,1,3,3,1,0
39,22,Feminino,Solteira(o),8,Estudante,0,3,3,2,3,3,3,3,3,3,3,3,3,3,3,3,3,3,3,3,3,3
40,26,Feminino,Casada(o),9,Estudante,1,1,1,1,1,1,1,0,1,1,1,1,1,1,1,0,1,1,1,2,1,0
41,24,Masculino,Solteira(o),6,Estudante,0,2,1,2,0,3,2,0,2,1,3,2,3,2,3,1,1,1,1,1,1,1
42,23,Feminino,Solteira(o),8,Estudante e Trabalho,0,1,0,1,2,1,2,2,2,3,2,2,2,1,0,2,2,0,2,2,2,1
43,22,Feminino,Solteira(o),8,Estudante e Trabalho,0,1,2,0,0,2,1,1,1,0,0,3,3,1,1,0,0,0,3,0,1,0
44,21,Feminino,Solteira(o),6,Estudante,0,1,1,0,0,1,1,0,0,0,1,1,1,1,0,0,0,0,0,1,0,0
45,23,Feminino,Casada(o),10,Estudante,0,3,2,1,1,2,2,1,2,3,2,3,3,3,2,2,1,1,2,1,2,1
46,31,Feminino,Solteira(o),9,Estudante,1,1,1,0,0,2,0,0,1,0,0,2,1,1,1,0,1,1,1,0,0,0
47,22,Feminino,Solteira(o),8,Estudante,0,1,0,1,0,2,2,0,0,1,2,1,1,1,2,0,1,0,3,1,0,1
48,22,Feminino,Solteira(o),8,Estudante e Trabalho,0,1,1,0,1,2,1,2,2,1,1,2,1,1,0,0,1,1,2,2,0,0
49,31,Masculino,Casada(o),8,Estudante e Trabalho,0,2,1,0,1,2,2,2,2,0,0,3,2,0,1,0,1,0,1,3,2,0
50,24,Feminino,Solteira(o),8,Estudante,0,3,3,3,2,3,3,0,3,3,0,1,3,3,3,3,3,0,0,3,3,0
51,24,Feminino,Solteira(o),8,Estudante,0,1,0,0,1,3,1,0,1,3,0,1,2,0,0,1,0,0,2,2,2,0
52,22,Feminino,Solteira(o),8,Estudante e Trabalho,0,2,1,0,2,1,3,2,2,1,0,3,2,1,1,1,0,2,2,1,1,1
53,22,Feminino,Solteira(o),8,Estudante e Trabalho,0,3,0,1,0,3,3,1,2,3,2,3,3,2,2,2,1,1,3,1,0,0
54,21,Feminino,Solteira(o),8,Estudante,0,1,0,0,1,1,1,0,1,1,0,2,2,1,0,0,0,0,1,0,0,0
55,26,Masculino,Solteira(o),8,Estudante e Trabalho,0,0,1,1,0,0,0,0,1,1,0,1,1,0,0,0,0,0,1,0,0,0
0,25,Masculino,Solteira(o),9,Estudante,0,2,1,1,2,1,2,1,3,0,0,1,1,3,1,1,1,0,1,1,0,3
1,21,Masculino,Solteira(o),8,Estudante,0,2,2,2,0,2,0,2,0,1,1,3,2,0,2,1,0,0,0,1,2,0
2,18,Masculino,Solteira(o),9,Estudante,0,1,1,1,0,1,1,1,2,1,0,1,1,0,1,0,2,1,2,2,1,0
3,23,Masculino,Solteira(o),8,Estudante,0,2,0,1,0,0,1,0,0,2,2,1,2,1,2,0,0,2,0,2,1,0
4,25,Masculino,Solteira(o),6,Estudante,0,1,1,2,1,1,2,0,3,2,1,2,1,0,0,0,0,0,1,0,1,1
5,19,Masculino,Solteira(o),5,Estudante,0,1,1,0,0,1,1,1,2,0,0,2,1,1,1,0,0,2,3,0,0,0
6,26,Masculino,Solteira(o),6,Estudante,0,1,1,0,2,1,1,0,1,0,2,2,2,2,1,1,0,0,0,1,0,0
7,25,Masculino,Solteira(o),4,Estudante,0,1,1,0,0,1,1,1,2,0,0,0,1,0,1,1,1,0,0,0,0,0
8,22,Masculino,Solteira(o),7,Estudante,0,0,2,0,0,2,2,2,1,1,1,1,3,0,0,1,0,0,1,0,1,1
9,19,Masculino,Solteira(o),6,Estudante,0,2,2,1,1,2,2,0,1,1,0,1,2,1,2,0,1,1,0,2,2,2
10,18,Masculino,Solteira(o),9,Estudante,0,2,1,1,0,1,1,0,1,0,2,1,0,3,2,0,0,1,3,1,0,0
11,29,Masculino,Solteira(o),7,Estudante,0,1,0,1,1,0,0,0,1,0,0,2,0,1,2,0,0,1,1,1,0,0
12,18,Masculino,Solteira(o),8,Estudante,0,0,0,0,0,0,1,2,1,0,1,1,1,1,1,0,0,1,2,0,0,3
13,21,Masculino,Solteira(o),6,Estudante,0,1,1,1,1,1,1,0,1,0,1,3,1,1,2,1,2,1,2,2,1,2
14,29,Masculino,Solteira(o),7,Estudante,0,2,2,1,1,2,0,2,1,0,2,1,2,0,1,1,1,2,2,1,0,0
15,24,Masculino,Solteira(o),7,Estudante,0,0,0,1,1,0,0,0,0,1,0,3,1,2,1,1,1,0,0,1,1,0
16,26,Masculino,Solteira(o),4,Estudante,0,1,1,2,1,1,1,1,0,1,3,2,3,2,3,1,1,1,1,1,0,1
17,30,Masculino,Solteira(o),5,Estudante,0,1,2,1,2,2,2,3,1,0,0,3,1,2,1,1,0,1,2,1,0,0
18,28,Masculino,Solteira(o),6,Estudante,0,2,2,1,0,2,0,0,2,0,3,3,2,2,2,0,1,1,1,1,1,0
19,22,Masculino,Solteira(o),4,Estudante,0,1,0,0,0,0,0,0,0,0,0,2,0,1,0,0,0,1,2,0,0,2
20,27,Masculino,Solteira(o),7,Estudante,0,1,1,1,0,1,0,0,0,2,2,2,1,1,1,0,2,1,2,0,0,1
21,21,Masculino,Solteira(o),9,Estudante,0,0,1,0,0,1,1,0,0,4,1,2,3,3,2,1,1,0,0,1,0,1
22,20,Masculino,Solteira(o),7,Estudante,0,1,0,1,0,0,1,2,3,2,0,3,2,2,2,0,1,2,0,1,1,1
23,30,Masculino,Solteira(o),3,Estudante,0,0,2,0,1,2,3,1,1,1,1,1,1,2,1,1,0,1,1,0,0,1
24,23,Masculino,Solteira(o),2,Estudante,0,2,2,1,0,2,0,1,1,0,0,1,1,1,0,0,1,1,1,0,0,1
25,26,Masculino,Solteira(o),5,Estudante,0,1,1,0,0,1,1,2,2,0,1,4,1,0,1,1,1,0,2,2,1,1
26,18,Masculino,Solteira(o),6,Estudante,0,1,2,1,1,2,1,0,0,2,1,3,1,2,1,1,1,0,1,2,1,0
27,26,Masculino,Solteira(o),5,Estudante,0,2,1,0,0,1,1,0,0,1,1,2,2,0,2,0,0,1,1,1,0,1
28,22,Masculino,Solteira(o),6,Estudante,0,2,1,1,0,1,0,0,0,1,0,1,3,0,0,1,0,3,0,1,1,2
29,20,Masculino,Solteira(o),5,Estudante,0,0,1,1,0,1,2,0,1,0,2,3,3,0,2,0,2,0,0,1,0,2
30,24,Masculino,Solteira(o),11,Estudante,0,2,1,1,1,1,0,0,0,0,0,1,3,3,1,0,0,1,1,0,0,0
31,19,Masculino,Solteira(o),5,Estudante,0,2,1,2,0,1,1,0,0,1,2,1,1,2,1,0,1,3,0,1,0,0
32,24,Masculino,Solteira(o),2,Estudante,0,1,1,0,0,1,1,1,3,0,1,2,0,2,1,0,1,1,1,0,0,2
33,23,Masculino,Solteira(o),6,Estudante,0,4,1,2,0,1,1,1,2,0,1,0,2,4,1,1,1,1,1,0,0,0
34,27,Masculino,Solteira(o),2,Estudante,0,1,2,0,0,2,2,0,1,1,1,2,3,1,1,0,1,3,1,3,0,0
35,27,Masculino,Solteira(o),9,Estudante,0,0,1,1,0,1,2,0,2,0,0,2,2,1,1,1,1,1,1,0,2,0
36,18,Masculino,Solteira(o),8,Estudante,0,0,2,1,2,2,2,2,2,1,1,1,0,1,2,0,0,1,1,0,1,1
37,24,Masculino,Solteira(o),7,Estudante,0,0,0,2,1,0,1,0,1,0,0,3,1,2,1,1,0,0,4,1,1,1
38,22,Masculino,Solteira(o),6,Estudante,0,0,2,1,1,2,0,2,1,0,4,1,2,1,2,0,0,1,2,1,0,1
39,22,Masculino,Solteira(o),10,Estudante,0,0,0,1,2,0,0,0,2,0,2,2,0,0,1,0,1,2,2,1,1,2
40,27,Masculino,Solteira(o),8,Estudante,0,2,2,1,1,2,2,2,1,1,2,3,3,3,1,0,1,2,2,1,0,2
41,23,Masculino,Solteira(o),8,Estudante,0,1,0,1,1,0,0,1,2,1,3,1,1,0,1,1,0,1,2,1,1,2
42,22,Masculino,Solteira(o),6,Estudante,0,1,1,1,0,1,2,1,1,1,2,1,2,0,2,1,0,2,1,0,0,2
43,18,Masculino,Solteira(o),6,Estudante,0,1,0,1,0,0,1,1,2,1,2,1,1,0,0,0,1,2,2,0,2,0
44,24,Masculino,Solteira(o),4,Estudante,0,1,0,0,2,0,2,0,0,1,0,2,2,0,1,0,0,1,1,0,2,1
45,28,Masculino,Solteira(o),5,Estudante,0,1,0,1,0,0,0,0,2,2,1,1,0,2,2,0,2,1,0,0,0,0
46,21,Masculino,Solteira(o),3,Estudante,0,0,2,1,1,2,2,2,0,0,2,0,2,2,2,1,2,0,0,0,2,2
47,18,Masculino,Solteira(o),11,Estudante,0,3,0,0,0,0,1,3,2,0,1,3,2,1,1,1,1,0,0,1,1,3
48,18,Masculino,Solteira(o),4,Estudante,0,1,1,1,0,1,0,0,0,1,1,1,2,1,3,0,1,0,0,0,1,0
49,23,Masculino,Solteira(o),8,Estudante,0,0,1,0,1,1,2,1,1,0,4,0,1,1,1,0,1,2,3,0,1,0
50,22,Masculino,Solteira(o),12,Estudante,0,0,2,1,2,2,2,1,2,1,0,2,2,2,1,0,1,1,1,1,0,2
51,24,Masculino,Solteira(o),7,Estudante,0,2,2,2,0,2,2,0,1,0,3,0,2,2,1,1,1,2,1,1,0,1
52,26,Masculino,Solteira(o),13,Estudante,0,2,0,0,0,0,3,1,2,0,2,2,1,3,2,0,1,0,1,1,1,2
53,22,Masculino,Solteira(o),7,Estudante,0,0,1,2,0,1,1,0,2,0,0,2,0,1,1,0,1,1,3,3,0,1
54,29,Masculino,Solteira(o),8,Estudante,0,1,0,1,0,0,0,1,1,2,2,1,3,2,0,0,2,2,1,2,0,3
55,29,Masculino,Solteira(o),9,Estudante,0,2,0,1,1,0,0,0,1,0,0,1,2,2,1,2,3,0,3,0,1,1
56,31,Masculino,Solteira(o),5,Estudante,0,0,1,0,1,1,2,0,0,3,1,3,3,1,1,1,0,1,3,3,2,0
57,23,Masculino,Solteira(o),10,Estudante,0,0,1,0,2,1,0,0,1,1,0,1,3,2,0,0,0,0,0,1,1,0
58,29,Masculino,Solteira(o),8,Estudante,0,3,1,1,0,1,0,0,0,1,0,1,2,1,3,0,1,2,1,0,2,0
59,19,Masculino,Solteira(o),5,Estudante,0,2,2,1,0,2,0,0,0,1,0,2,2,1,0,0,1,2,1,0,1,1
60,22,Masculino,Solteira(o),8,Estudante,0,1,1,0,1,1,3,1,2,1,0,2,2,1,0,0,2,2,0,0,0,0
61,27,Masculino,Solteira(o),9,Estudante,0,1,2,2,0,2,2,1,0,2,0,0,2,0,0,0,1,1,1,0,1,1
62,24,Masculino,Solteira(o),6,Estudante,0,2,2,0,2,2,2,0,0,2,2,1,1,1,2,0,1,0,3,0,1,2
63,21,Masculino,Solteira(o),8,Estudante,0,0,1,0,0,1,2,1,1,1,1,1,4,1,1,1,1,0,0,2,2,3
64,26,Masculino,Solteira(o),3,Estudante,0,2,1,1,0,1,1,2,1,2,1,2,0,0,0,1,0,2,0,0,0,1
65,18,Masculino,Solteira(o),6,Estudante,0,2,1,0,0,1,0,1,2,0,0,1,1,0,1,0,1,0,1,2,1,1
66,24,Masculino,Solteira(o),0,Estudante,0,2,0,0,1,0,1,1,2,1,1,2,1,2,0,0,1,2,2,2,0,1
67,23,Masculino,Solteira(o),8,Estudante,0,3,0,1,2,0,0,1,2,2,1,1,1,2,1,1,1,0,0,1,1,1
68,21,Masculino,Solteira(o),4,Estudante,0,2,0,0,0,0,3,0,2,1,1,1,1,2,1,1,0,1,1,1,1,1
69,22,Masculino,Solteira(o),6,Estudante,0,0,0,2,1,0,1,1,1,0,1,1,0,2,3,0,1,0,1,1,2,1
70,26,Masculino,Solteira(o),5,Estudante,0,1,0,3,0,0,2,1,1,0,0,1,0,1,0,0,1,1,3,0,0,0
71,18,Masculino,Solteira(o),7,Estudante,0,0,3,2,0,3,0,1,1,1,1,2,2,1,0,0,0,3,1,0,2,1
72,20,Masculino,Solteira(o),6,Estudante,0,0,1,2,0,1,1,0,2,1,2,0,1,1,1,0,1,2,0,1,2,0
73,26,Masculino,Solteira(o),4,Estudante,0,1,0,1,0,0,1,0,1,0,2,2,1,1,2,1,0,2,0,1,0,2
74,25,Masculino,Solteira(o),6,Estudante,0,2,0,1,0,0,2,1,1,0,0,1,0,1,1,0,2,0,2,2,1,1
75,22,Masculino,Solteira(o),7,Estudante,0,1,0,0,1,0,1,0,2,0,1,3,1,3,1,0,0,0,2,0,1,3
76,28,Masculino,Solteira(o),4,Estudante,0,0,0,2,1,0,2,1,0,1,0,1,1,3,1,1,1,0,2,1,1,0
77,22,Masculino,Solteira(o),4,Estudante,0,2,0,1,2,0,1,0,1,2,0,2,1,1,1,0,1,2,3,2,2,0
78,24,Masculino,Solteira(o),6,Estudante,0,1,1,1,1,1,2,0,2,0,0,3,2,2,1,1,1,1,0,1,0,0
79,18,Masculino,Solteira(o),1,Estudante,0,2,0,1,0,0,1,0,2,0,0,3,1,2,1,1,1,2,2,1,1,1
80,28,Masculino,Solteira(o),8,Estudante,0,1,0,1,0,0,1,1,0,1,2,1,1,1,1,0,1,0,0,1,1,2
81,18,Masculino,Solteira(o),8,Estudante,0,1,1,1,0,1,1,1,2,0,3,3,2,0,1,0,1,0,0,0,2,2
82,28,Masculino,Solteira(o),9,Estudante,0,1,0,0,0,0,0,2,1,0,1,3,2,2,2,2,0,0,1,0,0,0
83,24,Masculino,Solteira(o),9,Estudante,0,1,0,1,1,0,1,0,0,0,1,1,3,0,1,1,2,1,0,2,3,1
84,23,Masculino,Solteira(o),4,Estudante,0,2,1,1,0,1,2,0,1,1,1,1,1,2,1,0,1,2,0,0,0,2
85,24,Masculino,Solteira(o),7,Estudante,0,1,0,1,1,0,0,1,0,0,2,4,3,1,1,1,0,1,1,0,1,3
86,23,Masculino,Solteira(o),7,Estudante,0,2,0,1,1,0,0,0,2,0,2,0,2,2,0,0,1,1,0,2,0,2
87,26,Masculino,Solteira(o),5,Estudante,0,3,0,0,0,0,2,0,3,0,2,1,3,1,1,0,1,1,3,2,0,1
88,26,Masculino,Solteira(o),3,Estudante,0,2,0,1,0,0,1,1,0,0,0,2,2,2,1,0,0,1,1,0,1,1
89,22,Masculino,Solteira(o),6,Estudante,0,1,3,1,1,3,1,2,2,1,0,2,2,1,2,0,0,1,1,1,1,0
90,21,Masculino,Solteira(o),4,Estudante,0,2,0,1,1,0,2,0,1,1,1,1,2,1,1,1,0,2,0,0,1,1
91,20,Masculino,Solteira(o),4,Estudante,0,1,1,1,1,1,0,2,0,2,0,2,2,1,1,0,2,0,1,2,1,2
92,21,Masculino,Solteira(o),0,Estudante,0,0,1,1,2,1,0,0,0,0,1,3,3,1,2,0,1,0,0,1,0,0
93,23,Masculino,Solteira(o),9,Estudante,0,0,0,1,2,0,2,0,2,1,1,2,3,1,1,1,1,0,3,2,0,0
94,27,Masculino,Solteira(o),9,Estudante,0,2,0,2,1,0,0,0,2,3,0,1,2,3,1,0,0,1,0,1,2,1
95,23,Masculino,Solteira(o),3,Estudante,0,3,0,2,0,0,2,0,1,0,1,3,1,1,0,2,0,0,1,0,0,0
96,19,Masculino,Solteira(o),6,Estudante,0,2,0,0,0,0,2,0,0,0,2,2,2,2,1,1,1,1,0,1,1,2
97,19,Masculino,Solteira(o),8,Estudante,0,0,1,0,1,1,2,0,2,0,1,0,2,1,2,0,0,2,1,0,0,1
98,21,Masculino,Solteira(o),7,Estudante,0,2,0,1,1,0,0,2,1,1,1,2,2,0,2,1,0,1,0,1,1,0
99,23,Masculino,Solteira(o),6,Estudante,0,1,0,0,1,0,2,1,1,0,2,2,2,2,2,1,0,0,1,1,1,0
100,26,Masculino,Solteira(o),9,Estudante,0,2,0,1,1,0,0,1,0,0,1,2,2,2,1,2,0,0,1,1,0,0
101,26,Masculino,Solteira(o),4,Estudante,0,0,0,0,2,0,2,0,3,1,1,1,1,0,0,0,1,0,1,3,2,1
102,27,Masculino,Solteira(o),4,Estudante,0,1,2,1,0,2,1,0,2,1,1,0,0,3,1,0,1,0,1,3,0,1
103,21,Masculino,Solteira(o),6,Estudante,0,3,3,1,1,3,2,0,1,2,2,1,1,1,2,0,2,0,3,1,0,0
104,21,Masculino,Solteira(o),5,Estudante,0,0,0,1,1,0,2,2,1,0,3,1,1,2,1,0,1,1,2,1,1,0
105,26,Masculino,Solteira(o),1,Estudante,0,1,0,0,0,0,2,1,2,1,2,2,2,0,1,2,2,0,1,2,2,2
106,19,Masculino,Solteira(o),10,Estudante,0,1,2,1,1,2,1,0,2,1,0,1,1,1,2,0,1,0,1,0,1,1
107,24,Masculino,Solteira(o),3,Estudante,0,2,1,1,1,1,0,1,1,0,0,2,1,2,0,0,0,0,1,1,1,2
108,21,Masculino,Solteira(o),7,Estudante,0,1,2,1,1,2,1,1,0,1,2,2,2,0,1,0,1,0,1,0,0,1
109,23,Masculino,Solteira(o),7,Estudante,0,1,1,1,0,1,1,0,1,2,1,1,1,0,0,0,0,2,0,2,3,2
110,25,Masculino,Solteira(o),4,Estudante,0,2,1,1,1,1,0,1,0,3,1,3,1,1,1,0,2,2,2,2,0,1
111,20,Masculino,Solteira(o),5,Estudante,0,1,1,1,0,1,1,0,2,0,3,2,2,1,2,0,1,2,1,2,0,2
112,21,Masculino,Solteira(o),4,Estudante,0,2,0,0,0,0,2,1,1,1,0,2,1,2,0,1,0,0,0,0,2,0
113,26,Masculino,Solteira(o),9,Estudante,0,3,0,0,1,0,2,0,0,0,0,0,2,2,1,0,0,1,1,1,1,0
114,25,Masculino,Solteira(o),8,Estudante,0,1,0,1,2,0,0,1,1,1,1,2,1,0,1,1,1,1,0,1,0,1
115,23,Masculino,Solteira(o),11,Estudante,0,2,1,1,1,1,0,1,2,1,0,1,2,1,1,1,0,0,2,1,1,1
116,30,Masculino,Solteira(o),7,Estudante,0,0,0,1,0,0,0,1,1,0,2,2,3,1,2,0,2,1,0,1,1,1
117,27,Masculino,Solteira(o),8,Estudante,0,1,1,2,1,1,1,1,0,0,2,2,3,0,0,0,1,1,1,1,0,2
118,18,Masculino,Solteira(o),6,Estudante,0,0,1,1,2,1,0,0,2,0,3,1,2,1,3,2,1,0,1,0,1,0
119,24,Masculino,Solteira(o),8,Estudante,0,2,1,0,1,1,0,0,3,1,0,2,2,0,0,0,1,2,1,0,1,0
120,24,Masculino,Solteira(o),3,Estudante,0,2,0,1,1,0,0,1,2,1,1,1,0,1,1,0,0,0,2,2,0,0
121,18,Masculino,Solteira(o),3,Estudante,0,1,0,1,1,0,2,0,2,1,0,1,2,1,1,1,0,1,1,0,1,2
122,26,Masculino,Solteira(o),8,Estudante,0,1,0,1,1,0,1,0,1,1,1,0,2,1,1,0,0,1,3,0,0,1
123,21,Masculino,Solteira(o),8,Estudante,0,0,0,2,0,0,0,1,1,0,2,2,1,1,1,0,1,1,0,1,1,1
124,25,Masculino,Solteira(o),5,Estudante,0,3,1,1,1,1,1,1,0,0,1,1,2,0,1,0,2,0,1,2,0,1
125,21,Masculino,Solteira(o),9,Estudante,0,0,2,1,1,2,0,0,1,0,3,2,2,1,1,0,1,2,2,0,0,0
126,19,Masculino,Solteira(o),2,Estudante,0,2,1,1,1,1,0,0,1,1,0,1,1,0,2,0,1,2,1,1,0,0
127,25,Masculino,Solteira(o),10,Estudante,0,0,2,2,1,2,1,1,2,0,2,1,2,2,1,0,1,0,1,2,1,0
128,20,Masculino,Solteira(o),4,Estudante,0,2,1,1,0,1,1,3,2,0,0,2,0,1,0,0,0,1,1,0,1,3
129,28,Masculino,Solteira(o),6,Estudante,0,3,2,0,0,2,0,1,2,0,0,0,1,1,1,1,2,2,0,3,0,0
130,27,Masculino,Solteira(o),4,Estudante,0,3,0,2,0,0,0,1,3,1,0,1,1,0,0,1,2,1,0,0,0,0
131,25,Masculino,Solteira(o),8,Estudante,0,0,2,0,0,2,0,0,1,0,4,1,1,1,1,1,0,1,0,1,1,0
132,28,Masculino,Solteira(o),11,Estudante,0,2,1,1,2,1,1,0,0,0,3,2,2,0,0,1,2,1,2,1,0,2
133,24,Masculino,Solteira(o),7,Estudante,0,2,0,0,0,0,2,0,1,0,2,0,1,2,0,0,1,1,1,0,1,1
134,20,Masculino,Solteira(o),9,Estudante,0,1,0,0,1,0,0,1,2,0,0,2,3,0,3,0,2,1,1,0,0,1
135,22,Masculino,Solteira(o),1,Estudante,0,2,0,1,0,0,0,1,1,1,2,2,3,2,1,0,2,1,1,0,0,0
136,22,Masculino,Solteira(o),9,Estudante,0,2,0,1,0,0,2,1,2,1,0,0,2,1,1,0,1,1,0,3,1,0
137,22,Masculino,Solteira(o),8,Estudante,0,1,0,0,0,0,1,1,2,2,2,2,3,1,0,1,1,0,0,0,1,2
138,22,Masculino,Solteira(o),2,Estudante,0,1,1,1,0,1,1,1,2,1,1,3,1,1,0,0,0,1,1,2,1,2
139,22,Masculino,Solteira(o),6,Estudante,0,0,0,2,0,0,0,0,0,0,2,2,2,0,0,1,0,0,1,0,0,0
140,26,Masculino,Solteira(o),9,Estudante,0,0,0,0,1,0,1,0,0,0,2,3,2,2,3,0,1,1,1,1,0,1
141,20,Masculino,Solteira(o),5,Estudante,0,1,0,1,1,0,1,1,2,1,3,0,0,1,1,0,1,0,0,1,0,0
142,22,Masculino,Solteira(o),5,Estudante,0,0,2,0,1,2,1,2,2,0,1,1,2,2,2,0,0,1,2,2,0,0
143,26,Masculino,Solteira(o),4,Estudante,0,1,0,0,2,0,0,1,1,0,1,1,2,2,0,1,1,0,0,1,1,1
144,26,Masculino,Solteira(o),3,Estudante,0,2,0,1,0,0,0,0,1,2,1,1,0,3,1,1,1,1,1,0,2,3
145,22,Masculino,Solteira(o),5,Estudante,0,1,0,1,0,0,1,0,1,0,1,2,2,1,1,1,0,1,0,1,0,0
146,29,Masculino,Solteira(o),5,Estudante,0,0,0,1,0,0,2,1,0,0,3,2,3,0,3,0,2,2,0,1,1,1
147,27,Masculino,Solteira(o),5,Estudante,0,3,2,0,0,2,2,1,1,1,0,1,0,1,1,0,1,0,3,1,0,3
148,23,Masculino,Solteira(o),7,Estudante,0,1,0,2,2,0,0,0,0,1,0,2,2,0,1,0,2,0,0,1,2,0
149,20,Masculino,Solteira(o),5,Estudante,0,2,1,0,0,1,1,1,1,0,1,2,2,0,0,0,0,0,1,0,1,0
150,23,Masculino,Solteira(o),6,Estudante,0,2,0,1,2,0,1,1,0,0,0,0,2,4,2,0,1,0,1,0,0,0
151,23,Masculino,Solteira(o),4,Estudante,0,0,2,0,2,2,1,0,0,2,0,0,2,2,1,0,1,1,2,1,1,0
152,24,Masculino,Solteira(o),4,Estudante,0,1,2,1,1,2,1,1,0,0,0,4,2,2,1,1,1,1,2,1,0,1
153,25,Masculino,Solteira(o),8,Estudante,0,1,1,0,1,1,0,0,2,1,2,3,1,3,1,0,0,0,2,1,1,1
154,26,Masculino,Solteira(o),8,Estudante,0,1,2,0,0,2,1,0,2,0,1,1,2,2,0,0,1,1,2,2,2,0
155,29,Masculino,Solteira(o),5,Estudante,0,1,0,1,0,0,2,0,0,1,3,1,2,1,1,0,1,1,0,1,1,1
156,18,Masculino,Solteira(o),4,Estudante,0,2,0,1,0,0,0,1,3,1,1,1,2,1,2,0,1,0,0,0,1,3
157,19,Masculino,Solteira(o),7,Estudante,0,1,0,0,0,0,1,1,1,1,1,2,2,2,1,1,1,1,1,1,0,1
158,20,Masculino,Solteira(o),7,Estudante,0,3,2,0,2,2,0,2,1,0,1,0,1,0,2,1,1,1,2,2,0,2
159,23,Masculino,Solteira(o),7,Estudante,0,1,2,1,0,2,2,0,2,1,0,0,1,0,1,1,1,1,0,0,1,1
160,26,Masculino,Solteira(o),4,Estudante,0,2,0,1,0,0,1,1,2,1,0,2,1,2,1,1,1,0,1,1,0,1
161,22,Masculino,Solteira(o),4,Estudante,0,2,1,1,0,1,2,2,0,0,3,2,1,1,1,0,1,0,3,0,2,3
162,18,Masculino,Solteira(o),5,Estudante,0,0,0,0,1,0,1,0,1,2,1,3,2,3,1,0,0,2,2,1,1,0
163,22,Masculino,Solteira(o),4,Estudante,0,1,0,0,0,0,0,1,1,2,1,3,2,2,2,0,1,2,0,0,0,1
164,18,Masculino,Solteira(o),6,Estudante,0,2,0,2,1,0,0,1,1,0,0,1,2,1,2,0,2,1,2,2,0,1
165,18,Masculino,Solteira(o),8,Estudante,0,1,1,0,1,1,2,1,1,0,2,1,2,2,2,0,2,1,1,1,0,1
166,31,Masculino,Solteira(o),6,Estudante,0,1,1,1,1,1,3,2,2,0,3,1,2,2,1,1,1,3,2,0,0,0
167,19,Masculino,Solteira(o),6,Estudante,0,0,1,0,1,1,0,0,1,0,1,2,0,0,1,0,1,0,1,2,1,1
168,22,Masculino,Solteira(o),6,Estudante,0,1,2,1,1,2,0,1,1,0,1,1,3,2,2,1,1,1,0,0,0,1
169,18,Masculino,Solteira(o),4,Estudante,0,1,0,1,0,0,2,0,2,0,0,1,2,1,3,0,2,1,0,0,1,1
170,30,Masculino,Solteira(o),3,Estudante,0,1,2,1,0,2,1,0,2,1,2,1,1,3,2,1,2,2,2,1,1,2
171,18,Masculino,Solteira(o),1,Estudante,0,0,1,1,0,1,1,0,3,0,2,1,2,0,1,0,1,1,0,1,1,2
172,24,Masculino,Solteira(o),3,Estudante,0,2,1,0,1,1,2,1,1,1,0,1,0,1,2,0,1,0,1,2,0,1
173,22,Masculino,Solteira(o),9,Estudante,0,1,1,1,2,1,3,1,1,2,1,3,2,2,0,1,1,1,1,0,0,2
174,19,Masculino,Solteira(o),8,Estudante,0,0,2,1,0,2,2,0,1,1,2,3,2,2,1,0,0,0,0,2,0,1
175,18,Masculino,Solteira(o),7,Estudante,0,1,0,0,0,0,0,2,2,1,0,0,2,3,1,0,1,1,0,1,0,1
176,24,Masculino,Solteira(o),7,Estudante,0,0,0,2,0,0,0,1,1,0,2,2,3,1,1,1,1,0,2,2,0,1
177,21,Masculino,Solteira(o),7,Estudante,0,1,1,1,0,1,1,1,2,2,1,1,2,1,2,1,2,0,1,1,1,0
178,23,Masculino,Solteira(o),4,Estudante,0,2,0,0,0,0,1,0,0,0,1,0,2,0,1,1,2,0,1,2,0,1
179,26,Masculino,Solteira(o),12,Estudante,0,0,1,1,1,1,0,1,2,0,3,2,1,1,2,0,1,0,1,2,0,2
180,18,Masculino,Solteira(o),5,Estudante,0,1,1,0,1,1,1,2,1,0,1,1,1,1,1,0,0,1,0,1,2,2
181,23,Masculino,Solteira(o),4,Estudante,0,1,1,2,0,1,0,0,1,2,1,1,1,0,3,0,2,2,0,0,1,2
182,21,Masculino,Solteira(o),8,Estudante,0,1,0,0,2,0,0,1,2,2,2,1,2,0,1,1,1,1,1,1,0,1
183,23,Masculino,Solteira(o),7,Estudante,0,1,2,1,1,2,1,1,3,1,3,1,2,2,2,1,2,2,2,1,1,0
184,19,Masculino,Solteira(o),8,Estudante,0,2,1,1,0,1,2,1,1,0,1,2,2,2,1,1,1,0,0,0,1,1
185,30,Masculino,Solteira(o),6,Estudante,0,2,0,1,1,0,1,2,1,2,1,2,2,3,1,0,1,1,3,0,1,1
186,19,Masculino,Solteira(o),2,Estudante,0,2,1,1,0,1,1,1,3,0,1,2,1,2,1,1,2,1,0,0,1,2
187,30,Masculino,Solteira(o),10,Estudante,0,1,1,0,1,1,1,1,3,2,3,1,2,2,2,1,1,1,1,1,0,0
188,25,Masculino,Solteira(o),7,Estudante,0,1,0,1,2,0,2,3,1,0,1,2,2,1,1,0,1,1,2,0,2,1
189,25,Masculino,Solteira(o),7,Estudante,0,0,1,2,1,1,0,1,1,0,0,2,2,0,0,0,1,0,0,0,1,0
190,20,Masculino,Solteira(o),4,Estudante,0,1,0,0,2,0,2,1,1,0,0,2,1,1,1,1,0,2,0,2,1,1
191,27,Masculino,Solteira(o),6,Estudante,0,2,0,1,0,0,1,0,2,0,1,0,3,1,1,0,1,1,1,1,1,1
192,19,Masculino,Solteira(o),10,Estudante,0,0,1,0,2,1,0,0,1,1,1,1,2,0,1,1,0,1,1,0,1,0
193,25,Masculino,Solteira(o),7,Estudante,0,1,2,0,0,2,2,0,0,2,1,2,0,1,1,1,1,0,2,2,0,0
194,28,Masculino,Solteira(o),5,Estudante,0,2,1,0,0,1,2,0,0,0,0,1,3,3,2,0,1,2,2,0,1,2
195,23,Masculino,Solteira(o),6,Estudante,0,0,2,1,1,2,0,2,2,2,1,1,1,2,2,1,0,0,1,2,0,0
196,20,Masculino,Solteira(o),7,Estudante,0,0,2,0,0,2,0,1,1,3,1,2,1,0,3,0,0,0,1,1,0,1
197,25,Masculino,Solteira(o),7,Estudante,0,1,0,1,0,0,1,0,1,0,2,2,2,3,1,2,1,0,2,2,0,0
198,21,Masculino,Solteira(o),8,Estudante,0,2,0,0,0,0,0,0,2,1,2,1,1,3,0,1,1,2,1,1,0,1
199,23,Masculino,Solteira(o),8,Estudante,0,1,2,1,1,2,1,1,0,0,1,1,2,0,0,0,1,0,0,1,2,0
200,18,Masculino,Solteira(o),6,Estudante,0,0,1,1,1,1,0,1,1,0,0,1,2,1,2,0,0,1,0,1,1,1
201,24,Masculino,Solteira(o),10,Estudante,0,1,1,0,0,1,3,0,1,1,1,1,1,1,2,0,0,2,1,1,1,1
202,23,Masculino,Solteira(o),7,Estudante,0,2,1,0,0,1,2,0,0,1,0,1,2,2,0,1,2,0,2,0,0,0
203,24,Masculino,Solteira(o),9,Estudante,0,2,1,1,0,1,1,1,1,2,2,2,2,0,0,2,1,0,3,1,1,1
204,24,Masculino,Solteira(o),5,Estudante,0,1,1,0,1,1,1,2,0,0,2,1,2,2,1,0,0,2,0,0,1,0
205,24,Masculino,Solteira(o),7,Estudante,0,1,1,1,1,1,2,0,1,1,2,2,1,0,1,0,1,0,0,1,0,0
206,28,Masculino,Solteira(o),9,Estudante,0,0,2,0,2,2,0,0,2,0,4,3,0,3,1,1,1,0,1,0,0,0
207,20,Masculino,Solteira(o),7,Estudante,0,2,0,0,1,0,3,1,3,0,3,0,2,2,1,0,1,1,0,1,0,2
208,26,Masculino,Solteira(o),9,Estudante,0,1,1,0,0,1,1,1,2,0,1,2,2,0,1,1,0,0,3,1,0,1
209,20,Masculino,Solteira(o),6,Estudante,0,0,1,2,1,1,0,2,2,0,0,1,3,0,1,0,1,0,1,1,0,0
210,20,Masculino,Solteira(o),3,Estudante,0,2,0,1,0,0,1,2,1,1,2,1,1,0,1,0,0,2,2,0,1,1
211,20,Masculino,Solteira(o),7,Estudante,0,1,0,1,0,0,0,1,1,1,3,2,2,2,0,1,0,1,0,1,0,1
212,23,Masculino,Solteira(o),5,Estudante,0,2,0,0,1,0,2,1,0,0,1,4,3,4,1,0,2,0,1,2,1,3
213,18,Masculino,Solteira(o),6,Estudante,0,1,1,1,1,1,0,2,3,1,1,2,0,0,1,1,0,1,1,2,0,0
214,24,Masculino,Solteira(o),5,Estudante,0,0,1,2,0,1,1,0,2,0,2,2,1,1,1,0,1,3,0,0,1,2
215,26,Masculino,Solteira(o),13,Estudante,0,0,2,0,0,2,0,1,1,1,0,1,1,1,1,1,1,0,2,2,0,0
216,22,Masculino,Solteira(o),11,Estudante,0,2,2,2,1,2,1,0,0,1,2,2,0,1,1,1,1,1,0,0,1,2
217,25,Masculino,Solteira(o),6,Estudante,0,0,1,1,1,1,1,3,0,0,1,1,2,1,2,0,2,0,1,2,2,1
218,20,Masculino,Solteira(o),6,Estudante,0,2,1,1,0,1,1,0,2,2,1,1,1,3,2,0,0,1,2,0,0,1
219,21,Masculino,Solteira(o),4,Estudante,0,0,2,0,0,2,1,0,1,1,0,1,0,0,2,1,1,0,3,1,0,1
220,28,Masculino,Solteira(o),6,Estudante,0,1,2,0,0,2,0,0,1,1,1,1,1,0,0,2,2,1,0,0,1,0
221,19,Masculino,Solteira(o),2,Estudante,0,1,3,0,0,3,0,2,1,1,0,3,1,3,1,1,1,2,1,1,0,0
222,28,Masculino,Solteira(o),5,Estudante,0,1,0,2,1,0,1,0,1,1,1,1,0,2,1,0,2,2,1,0,2,1
223,22,Masculino,Solteira(o),9,Estudante,0,2,2,2,0,2,1,1,1,1,2,2,3,2,1,0,2,2,0,1,0,3
224,26,Masculino,Solteira(o),4,Estudante,0,1,0,1,0,0,0,1,1,1,1,2,2,0,1,0,1,0,2,1,0,1
225,27,Masculino,Solteira(o),6,Estudante,0,1,1,0,0,1,3,0,1,1,0,2,0,1,0,0,1,2,2,1,1,1
226,22,Masculino,Solteira(o),6,Estudante,0,2,0,0,1,0,1,0,2,1,1,1,2,1,1,1,1,1,2,2,0,1
227,24,Masculino,Solteira(o),4,Estudante,0,1,0,0,0,0,0,2,2,0,0,2,1,0,0,1,0,1,1,1,0,0
228,23,Masculino,Solteira(o),3,Estudante,0,2,1,1,1,1,1,2,1,2,2,2,2,0,1,1,0,1,2,1,1,1
229,24,Masculino,Solteira(o),9,Estudante,0,0,1,0,1,1,2,2,2,0,1,3,3,1,1,1,1,1,1,2,0,2
230,26,Masculino,Solteira(o),8,Estudante,0,1,0,1,1,0,0,0,2,0,0,1,2,0,1,0,1,1,1,1,2,1
231,19,Masculino,Solteira(o),12,Estudante,0,2,1,2,1,1,0,2,1,0,2,1,0,2,1,0,1,1,2,2,0,2
232,25,Masculino,Solteira(o),9,Estudante,0,1,1,1,0,1,0,1,1,1,1,3,2,1,1,1,1,0,0,0,0,1
233,24,Masculino,Solteira(o),4,Estudante,0,0,1,1,0,1,1,2,2,2,2,1,3,4,0,0,1,1,2,1,1,1
234,22,Masculino,Solteira(o),9,Estudante,1,2,1,1,1,1,1,1,2,2,1,1,2,1,2,0,2,1,1,1,0,2
235,18,Masculino,Solteira(o),5,Estudante,0,2,1,1,0,1,0,0,2,1,1,1,1,0,0,0,0,0,2,0,0,1
236,20,Masculino,Solteira(o),3,Estudante,0,1,1,0,2,1,0,0,0,1,0,3,3,1,2,0,0,1,0,0,1,1
237,31,Masculino,Solteira(o),6,Estudante,0,1,1,0,0,1,1,1,1,0,2,1,4,1,1,1,1,1,1,0,0,2
238,24,Masculino,Solteira(o),8,Estudante,0,0,1,1,1,1,1,2,2,1,1,1,2,1,1,1,1,1,2,0,0,2
239,26,Masculino,Solteira(o),3,Estudante,0,0,1,1,0,1,1,1,3,0,2,0,1,0,1,1,1,0,1,0,2,1
240,26,Masculino,Solteira(o),7,Estudante,0,1,0,1,1,0,2,0,1,0,2,1,2,3,0,1,1,1,1,2,1,0
241,21,Masculino,Solteira(o),5,Estudante,0,1,0,0,0,0,3,1,3,0,0,1,2,2,2,1,1,0,0,0,1,2
242,24,Masculino,Solteira(o),8,Estudante,0,1,1,1,1,1,2,0,2,1,3,3,2,1,0,2,1,0,0,1,0,0
243,26,Masculino,Solteira(o),5,Estudante,0,0,3,1,1,3,1,1,3,1,2,4,1,2,2,1,1,0,1,1,1,0
244,22,Masculino,Solteira(o),9,Estudante,0,1,0,1,0,0,3,2,2,0,0,2,0,0,1,0,3,0,0,0,1,0
245,26,Masculino,Solteira(o),6,Estudante,0,0,2,1,1,2,1,1,1,0,0,3,2,2,2,0,0,2,3,0,1,1
246,23,Masculino,Solteira(o),10,Estudante,0,0,1,0,1,1,1,2,1,0,2,3,2,0,1,0,0,2,0,0,0,1
247,25,Masculino,Solteira(o),5,Estudante,0,2,1,0,0,1,1,0,1,1,0,1,1,4,1,1,0,1,0,0,0,2
248,24,Masculino,Solteira(o),2,Estudante,0,2,0,1,0,0,0,1,0,1,0,2,2,1,2,0,1,1,2,0,0,3
249,31,Masculino,Solteira(o),0,Estudante,0,0,2,1,1,2,1,2,2,1,1,2,2,1,1,0,0,0,0,1,0,3
250,21,Masculino,Solteira(o),4,Estudante,0,1,2,1,0,2,0,2,2,2,2,2,1,0,1,0,1,1,1,0,0,0
251,23,Masculino,Solteira(o),8,Estudante,0,1,0,0,0,0,0,1,1,0,0,2,1,0,1,1,0,0,2,1,1,1
252,26,Masculino,Solteira(o),3,Estudante,0,2,0,0,0,0,0,0,1,2,1,0,3,1,0,0,0,2,1,0,1,0
253,21,Masculino,Solteira(o),8,Estudante,0,1,1,0,0,1,0,0,0,1,2,3,3,1,1,0,1,2,3,2,1,1
254,22,Masculino,Solteira(o),7,Estudante,0,0,3,1,2,3,2,1,1,1,0,1,1,2,1,1,1,1,2,0,1,1
255,24,Masculino,Solteira(o),7,Estudante,0,1,0,1,1,0,0,1,2,1,1,1,1,1,1,1,1,2,1,0,1,1
256,25,Masculino,Solteira(o),6,Estudante,0,1,0,1,1,0,2,1,0,0,0,2,2,2,0,0,1,0,1,1,0,1
257,26,Masculino,Solteira(o),0,Estudante,0,1,0,1,0,0,2,0,1,2,0,2,2,1,0,1,1,2,1,2,0,2
258,18,Masculino,Solteira(o),6,Estudante,0,1,2,1,0,2,1,0,2,0,2,2,2,2,1,0,1,1,2,2,2,2
259,24,Masculino,Solteira(o),7,Estudante,0,1,1,2,0,1,0,0,1,1,0,2,1,0,1,0,2,2,1,2,2,2
260,22,Masculino,Solteira(o),10,Estudante,0,0,0,1,1,0,0,0,2,1,1,0,2,2,1,1,1,1,1,0,0,1
261,26,Masculino,Solteira(o),8,Estudante,0,1,1,0,2,1,1,0,2,0,0,2,1,1,1,1,1,2,0,1,0,2
262,27,Masculino,Solteira(o),10,Estudante,0,2,0,1,1,0,1,2,0,1,1,2,0,1,1,0,1,0,0,1,0,0
263,23,Masculino,Solteira(o),6,Estudante,0,0,1,2,0,1,2,0,1,1,0,1,2,1,0,0,2,1,1,1,1,1
264,25,Masculino,Solteira(o),7,Estudante,0,0,0,2,0,0,0,2,1,1,1,2,1,1,1,0,1,0,2,0,2,4
265,18,Masculino,Solteira(o),1,Estudante,0,1,1,0,0,1,0,0,1,1,1,0,2,0,0,0,1,1,0,0,2,1
266,26,Masculino,Solteira(o),6,Estudante,0,3,0,0,1,0,1,3,2,2,1,2,2,2,2,1,1,0,1,1,0,0
267,25,Masculino,Solteira(o),3,Estudante,0,1,0,1,2,0,1,0,1,0,3,2,1,2,0,0,1,1,2,0,1,0
268,24,Masculino,Solteira(o),6,Estudante,0,0,0,2,0,0,0,0,3,0,1,2,3,2,1,0,1,0,1,2,1,1
269,27,Masculino,Solteira(o),5,Estudante,0,1,1,1,0,1,2,1,1,1,1,2,0,2,2,0,1,1,1,1,2,1
270,23,Masculino,Solteira(o),3,Estudante,0,1,0,0,0,0,0,0,0,0,1,1,2,2,1,0,2,0,1,1,0,0
271,18,Masculino,Solteira(o),7,Estudante,0,0,0,1,1,0,3,1,2,1,2,1,0,1,2,1,0,0,2,2,0,2
272,22,Masculino,Solteira(o),7,Estudante,0,0,2,0,0,2,0,0,1,1,3,4,2,2,1,1,2,1,1,2,1,1
273,25,Masculino,Solteira(o),6,Estudante,0,1,1,0,0,1,1,1,1,1,3,0,2,1,0,1,1,0,0,1,1,0
274,26,Masculino,Solteira(o),5,Estudante,0,1,0,0,1,0,2,2,0,0,0,2,2,1,0,0,1,1,1,0,1,0
275,23,Masculino,Solteira(o),6,Estudante,0,0,1,0,1,1,1,0,1,1,0,2,3,1,2,1,1,1,0,1,1,0
276,24,Masculino,Solteira(o),9,Estudante,0,1,0,1,1,0,0,2,1,2,2,1,3,1,1,1,2,2,0,0,0,1
277,18,Masculino,Solteira(o),7,Estudante,0,2,0,1,0,0,0,0,0,0,2,3,1,0,2,0,2,0,2,1,0,0
278,21,Masculino,Solteira(o),5,Estudante,0,1,0,0,0,0,1,0,1,3,1,0,1,1,1,1,1,4,1,1,0,0
279,23,Masculino,Solteira(o),5,Estudante,0,0,2,2,0,2,2,0,1,1,2,1,3,2,2,1,0,0,0,0,2,0
280,26,Masculino,Solteira(o),5,Estudante,0,2,1,2,0,1,1,0,0,0,2,2,2,2,0,1,1,0,1,0,1,0
281,20,Masculino,Solteira(o),7,Estudante,0,0,0,2,0,0,0,1,1,2,1,1,1,0,1,1,1,1,3,1,0,1
282,22,Masculino,Solteira(o),6,Estudante,0,0,2,1,0,2,2,1,1,0,3,1,1,1,1,0,0,1,3,1,0,1
283,22,Masculino,Solteira(o),1,Estudante,0,0,0,0,0,0,0,2,3,0,3,1,2,1,2,0,1,0,1,1,2,2
284,22,Masculino,Solteira(o),6,Estudante,0,0,0,3,0,0,0,0,0,0,0,0,1,0,1,1,1,1,1,0,2,0
285,22,Masculino,Solteira(o),0,Estudante,0,0,0,0,1,0,0,0,1,2,2,3,2,1,0,1,0,2,0,2,0,1
286,19,Masculino,Solteira(o),6,Estudante,0,1,1,2,0,1,2,0,0,1,1,2,1,1,2,0,1,0,1,0,1,0
287,19,Masculino,Solteira(o),4,Estudante,0,0,1,0,0,1,2,0,2,1,2,0,1,2,1,1,0,0,1,0,0,3
288,22,Masculino,Solteira(o),6,Estudante,0,0,2,1,2,2,0,2,0,2,0,0,1,3,1,0,1,2,1,0,1,3
289,33,Masculino,Solteira(o),4,Estudante,0,0,0,1,0,0,2,0,2,1,1,0,1,3,2,0,2,2,2,1,0,2
290,31,Masculino,Solteira(o),6,Estudante,0,1,0,0,1,0,2,0,2,1,3,3,2,2,1,1,0,2,2,0,2,1
291,19,Masculino,Solteira(o),7,Estudante,0,0,1,0,1,1,0,1,3,0,1,1,1,0,0,1,2,2,0,2,0,2
292,27,Masculino,Solteira(o),7,Estudante,0,1,0,0,0,0,1,2,1,1,0,2,1,4,0,2,0,0,1,0,0,3
293,27,Masculino,Solteira(o),9,Estudante,0,2,2,2,1,2,0,0,1,0,0,1,2,1,1,0,0,1,1,2,0,0
294,24,Masculino,Solteira(o),3,Estudante,0,1,2,1,0,2,4,0,1,1,4,1,2,2,0,0,1,2,1,1,0,3
295,18,Masculino,Solteira(o),8,Estudante,0,1,2,0,0,2,0,0,1,1,3,1,3,1,0,0,0,2,2,0,1,1
296,23,Masculino,Solteira(o),3,Estudante,0,0,1,1,2,1,1,1,1,1,1,2,2,1,2,1,1,0,1,0,0,1
297,32,Masculino,Solteira(o),10,Estudante,0,1,0,0,0,0,1,1,1,0,0,2,1,2,2,2,0,0,1,1,0,0
298,19,Masculino,Solteira(o),6,Estudante,0,1,1,1,0,1,0,1,1,0,2,2,4,1,1,0,1,1,0,0,0,2
299,20,Masculino,Solteira(o),6,Estudante,0,1,0,1,0,0,0,1,0,2,1,2,1,2,1,1,0,1,0,0,1,0
300,24,Masculino,Solteira(o),7,Estudante,0,0,1,1,0,1,0,1,2,1,1,3,1,0,2,0,1,2,0,1,1,0
301,25,Masculino,Solteira(o),10,Estudante,0,1,0,0,1,0,1,1,1,0,2,1,1,1,1,0,1,1,1,1,0,1
302,29,Masculino,Solteira(o),5,Estudante,0,0,1,1,1,1,2,1,0,1,0,2,2,1,1,0,2,1,0,1,1,1
303,27,Masculino,Solteira(o),3,Estudante,0,2,1,2,0,1,2,2,1,0,1,1,1,1,0,1,1,0,0,0,2,1
304,19,Masculino,Solteira(o),6,Estudante,0,1,1,1,0,1,3,0,2,1,2,0,1,1,0,1,1,3,2,0,0,0
305,27,Masculino,Solteira(o),8,Estudante,0,1,1,2,0,1,1,0,2,1,2,2,3,0,2,0,1,0,1,2,2,1
306,20,Masculino,Solteira(o),7,Estudante,0,1,0,1,2,0,1,1,0,0,2,2,0,1,0,0,2,1,1,1,0,1
307,25,Masculino,Solteira(o),6,Estudante,0,3,2,0,1,2,1,0,1,1,2,1,2,0,0,0,1,1,1,2,0,2
308,22,Masculino,Solteira(o),4,Estudante,0,3,0,0,2,0,1,1,1,0,1,1,3,0,1,1,1,3,0,0,2,0
309,21,Masculino,Solteira(o),6,Estudante,0,0,1,0,0,1,0,1,2,0,2,2,3,0,1,0,0,0,1,0,2,0
310,18,Masculino,Solteira(o),7,Estudante,0,1,2,0,0,2,1,0,2,0,1,0,0,2,2,1,1,1,1,1,1,1
311,23,Masculino,Solteira(o),5,Estudante,0,1,0,1,0,0,1,0,1,0,0,2,0,1,2,0,0,0,3,0,0,0
312,23,Masculino,Solteira(o),1,Estudante,0,2,0,0,1,0,3,1,0,0,3,2,1,2,0,1,1,1,1,1,0,2
313,25,Masculino,Solteira(o),2,Estudante,0,0,1,1,0,1,2,1,3,1,1,1,2,2,0,0,0,1,2,1,1,1
314,21,Masculino,Solteira(o),4,Estudante,0,1,0,0,1,0,1,0,1,0,1,0,3,3,0,1,2,1,2,0,1,0
315,24,Masculino,Solteira(o),5,Estudante,0,1,1,0,0,1,0,1,2,1,2,2,2,1,1,0,0,1,2,2,0,1
316,22,Masculino,Solteira(o),10,Estudante,0,1,1,1,3,1,2,0,0,1,2,3,1,0,1,1,1,0,0,2,1,0
317,18,Masculino,Solteira(o),5,Estudante,0,2,1,1,2,1,1,1,2,0,1,2,2,1,1,0,1,2,0,0,1,2
318,29,Masculino,Solteira(o),8,Estudante,0,1,0,1,0,0,2,1,1,0,0,0,1,2,2,0,1,0,3,1,1,1
319,20,Masculino,Solteira(o),8,Estudante,0,1,0,1,1,0,0,2,0,1,2,0,2,0,1,0,1,2,0,1,1,2
320,28,Masculino,Solteira(o),7,Estudante,0,0,2,1,1,2,1,0,0,1,2,1,2,1,0,0,2,1,2,2,1,0
321,22,Masculino,Solteira(o),7,Estudante,0,2,2,1,2,2,0,0,2,1,1,0,1,2,2,0,1,1,1,2,0,1
322,24,Masculino,Solteira(o),8,Estudante,0,0,1,2,1,1,1,1,1,2,0,0,4,1,0,0,1,1,0,2,0,1
323,19,Masculino,Solteira(o),5,Estudante,0,2,0,0,1,0,1,1,0,2,0,1,0,0,2,1,2,1,1,0,1,0
324,28,Masculino,Solteira(o),6,Estudante,0,1,0,0,0,0,1,1,0,1,1,2,2,1,0,0,0,1,0,1,0,0
325,27,Masculino,Solteira(o),11,Estudante,0,2,2,1,1,2,1,1,1,2,1,2,3,1,1,0,1,0,1,0,2,2
326,20,Masculino,Solteira(o),5,Estudante,0,2,2,1,0,2,2,0,1,2,0,2,1,1,0,0,1,1,0,0,0,0
327,18,Masculino,Solteira(o),8,Estudante,0,1,0,0,1,0,1,1,1,2,0,0,2,2,2,0,1,1,1,0,0,0
328,24,Masculino,Solteira(o),8,Estudante,0,2,2,1,2,2,0,0,3,0,2,2,1,1,1,0,1,1,2,0,0,2
329,22,Masculino,Solteira(o),5,Estudante,0,1,1,0,0,1,0,1,1,2,1,2,3,2,0,0,0,1,0,0,0,1
330,30,Masculino,Solteira(o),6,Estudante,0,0,1,0,1,1,0,0,2,1,0,2,3,0,0,1,2,0,2,1,0,1
331,22,Masculino,Solteira(o),7,Estudante,0,0,1,1,0,1,1,0,1,0,2,0,1,2,0,1,0,0,0,2,1,1
332,24,Masculino,Solteira(o),4,Estudante,0,1,2,1,0,2,3,0,0,1,3,1,2,2,2,0,0,2,1,0,1,3
333,24,Masculino,Solteira(o),0,Estudante,0,1,0,1,0,0,2,2,0,1,1,2,1,1,1,1,1,2,2,0,2,2
334,32,Masculino,Solteira(o),5,Estudante,0,1,2,1,2,2,1,0,0,0,1,3,2,1,1,1,2,1,2,0,2,2
335,30,Masculino,Solteira(o),3,Estudante,0,1,1,3,1,1,1,1,1,0,1,1,0,3,1,0,1,2,1,0,1,0
336,25,Masculino,Solteira(o),11,Estudante,0,1,1,1,0,1,0,0,2,0,0,2,3,1,2,0,0,1,2,1,0,0
337,23,Masculino,Solteira(o),7,Estudante,0,2,1,0,1,1,2,1,1,0,1,2,4,0,1,1,1,2,1,2,0,1
338,24,Masculino,Solteira(o),5,Estudante,0,0,3,0,0,3,0,1,2,1,2,0,2,1,1,1,1,2,0,2,0,0
339,31,Masculino,Solteira(o),9,Estudante,0,1,0,1,0,0,1,1,0,0,2,2,4,3,1,1,0,0,0,0,1,0
340,25,Masculino,Solteira(o),5,Estudante,0,0,0,0,0,0,1,0,1,0,0,2,0,4,2,0,1,1,1,1,1,2
341,26,Masculino,Solteira(o),1,Estudante,0,0,2,1,1,2,2,1,2,0,3,2,2,0,0,0,0,1,0,2,0,2
342,32,Masculino,Solteira(o),8,Estudante,0,2,1,1,1,1,1,1,1,1,2,2,1,0,0,0,1,1,0,1,0,0
343,23,Masculino,Solteira(o),5,Estudante,0,1,0,0,0,0,2,1,1,0,1,1,2,3,1,0,1,0,0,0,0,2
344,20,Masculino,Solteira(o),6,Estudante,0,0,0,1,0,0,3,1,0,1,0,2,2,0,1,0,1,1,2,0,0,0
345,24,Masculino,Solteira(o),0,Estudante,0,1,2,0,1,2,2,1,2,0,1,2,1,2,1,0,2,0,0,3,1,0
346,22,Masculino,Solteira(o),5,Estudante,0,0,2,1,1,2,1,1,1,2,0,1,1,0,0,1,0,1,2,3,0,2
347,18,Masculino,Solteira(o),7,Estudante,0,2,1,1,0,1,0,0,1,2,0,1,1,0,1,1,1,0,0,0,0,0
348,21,Masculino,Solteira(o),4,Estudante,0,2,1,2,1,1,2,0,0,0,1,1,3,0,1,1,1,0,0,0,1,0
349,20,Masculino,Solteira(o),2,Estudante,0,0,1,0,1,1,0,0,1,0,1,2,2,0,1,0,1,0,0,0,1,0
350,21,Masculino,Solteira(o),7,Estudante,0,1,0,1,1,0,0,2,0,0,1,1,1,1,0,2,2,1,0,1,1,1
351,20,Masculino,Solteira(o),12,Estudante,0,3,1,1,0,1,0,2,1,0,1,2,2,0,0,0,0,2,3,0,1,1
352,28,Masculino,Solteira(o),4,Estudante,0,1,1,0,0,1,1,0,2,0,1,2,2,2,0,1,2,0,1,2,0,2
353,30,Masculino,Solteira(o),7,Estudante,0,2,2,2,0,2,2,1,1,1,2,2,1,2,1,0,0,0,1,1,1,1
354,20,Masculino,Solteira(o),1,Estudante,0,1,1,1,0,1,0,1,1,1,1,3,2,2,2,1,2,1,1,1,0,0
355,23,Masculino,Solteira(o),6,Estudante,0,0,1,1,1,1,1,0,1,0,2,1,1,1,1,1,1,2,0,0,1,1
356,26,Masculino,Solteira(o),6,Estudante,0,2,1,1,1,1,2,1,1,0,3,1,1,1,2,0,0,0,0,1,0,0
357,22,Masculino,Solteira(o),9,Estudante,0,2,0,1,0,0,0,0,0,1,1,2,1,2,2,1,0,0,0,1,0,1
358,24,Masculino,Solteira(o),4,Estudante,0,2,1,1,0,1,1,0,1,2,1,3,1,0,0,0,1,0,0,0,2,0
359,19,Masculino,Solteira(o),6,Estudante,0,1,1,0,2,1,0,0,0,1,0,1,3,0,0,1,1,1,0,2,0,0
360,28,Masculino,Solteira(o),7,Estudante,0,1,0,1,0,0,1,2,1,2,1,1,0,3,1,1,0,2,0,1,0,0
361,24,Masculino,Solteira(o),8,Estudante,0,0,1,1,1,1,2,1,2,0,2,1,1,1,0,1,2,0,2,1,0,0
362,23,Masculino,Solteira(o),9,Estudante,0,1,1,1,1,1,0,3,2,0,2,1,1,1,1,0,2,1,1,0,2,1
363,21,Masculino,Solteira(o),5,Estudante,0,1,1,1,0,1,0,0,1,0,2,3,1,1,0,0,1,1,0,0,1,0
364,22,Masculino,Solteira(o),1,Estudante,0,3,0,1,1,0,2,1,1,0,2,0,2,1,1,1,1,1,1,0,0,2
365,22,Masculino,Solteira(o),8,Estudante,0,1,0,1,0,0,2,1,1,2,0,1,2,3,0,1,2,0,1,0,1,0
366,24,Masculino,Solteira(o),4,Estudante,0,2,0,0,1,0,1,0,0,1,0,1,1,1,0,0,0,3,1,1,0,0
367,22,Masculino,Solteira(o),3,Estudante,0,1,1,0,1,1,2,0,2,1,0,2,1,0,0,1,1,3,1,1,2,1
368,27,Masculino,Solteira(o),7,Estudante,0,1,3,0,1,3,1,0,1,1,0,1,1,2,1,0,1,3,2,1,0,3
369,27,Masculino,Solteira(o),4,Estudante,0,1,1,1,1,1,1,2,2,0,2,1,1,3,0,0,0,2,1,2,1,2
370,21,Masculino,Solteira(o),5,Estudante,0,3,0,0,2,0,0,0,0,1,0,3,2,0,2,0,1,1,1,2,1,2
371,27,Masculino,Solteira(o),4,Estudante,0,2,0,2,1,0,2,1,0,1,2,2,2,1,1,1,1,1,2,2,1,2
372,25,Masculino,Solteira(o),6,Estudante,0,0,1,0,1,1,3,1,0,0,3,3,2,2,1,0,0,1,2,1,0,2
373,23,Masculino,Solteira(o),6,Estudante,0,1,1,1,0,1,2,3,1,0,0,2,2,2,0,0,0,1,0,1,1,2
374,21,Masculino,Solteira(o),7,Estudante,0,1,2,0,1,2,0,1,1,0,3,2,2,1,1,0,1,1,2,1,1,0
375,25,Masculino,Solteira(o),11,Estudante,0,1,1,3,0,1,1,2,1,1,0,2,2,0,2,0,1,1,2,1,0,1
376,25,Masculino,Solteira(o),10,Estudante,0,2,0,1,1,0,1,0,1,1,0,1,5,0,1,1,2,1,1,1,1,2
377,27,Masculino,Solteira(o),9,Estudante,0,2,0,1,1,0,1,0,0,1,3,2,3,0,2,1,1,1,1,3,2,1
378,20,Masculino,Solteira(o),8,Estudante,0,3,3,1,2,3,1,2,3,2,4,1,2,0,1,1,1,2,3,0,0,1
379,29,Masculino,Solteira(o),12,Estudante,0,1,1,1,1,1,0,2,0,0,1,3,1,2,0,1,1,0,2,1,0,1
380,22,Masculino,Solteira(o),4,Estudante,0,0,1,1,0,1,0,1,2,0,1,0,3,0,2,0,1,1,1,1,0,0
381,23,Masculino,Solteira(o),12,Estudante,0,1,1,2,0,1,2,1,0,0,0,2,2,0,0,1,1,0,0,2,1,1
382,24,Masculino,Solteira(o),10,Estudante,0,0,0,0,1,0,2,2,1,1,1,2,3,1,0,0,1,0,1,0,0,0
383,18,Masculino,Solteira(o),4,Estudante,0,1,1,0,0,1,2,0,0,0,0,0,0,0,2,1,0,2,2,1,0,2
384,30,Masculino,Solteira(o),6,Estudante,0,1,2,1,3,2,0,1,1,1,0,0,4,0,0,1,1,0,1,1,1,1
385,21,Masculino,Solteira(o),5,Estudante,0,2,0,1,1,0,0,1,0,1,1,3,2,2,1,1,0,0,1,0,2,0
386,28,Masculino,Solteira(o),6,Estudante,0,0,3,2,0,3,0,0,0,2,1,2,3,2,1,1,1,0,1,0,1,1
387,18,Masculino,Solteira(o),5,Estudante,0,1,1,0,1,1,0,1,0,1,1,3,3,0,0,0,1,0,1,1,2,1
388,29,Masculino,Solteira(o),2,Estudante,0,2,1,0,0,1,2,2,1,0,1,2,3,0,1,0,1,1,2,1,2,1
389,19,Masculino,Solteira(o),5,Estudante,0,2,0,1,0,0,0,0,1,0,0,1,1,2,0,0,0,1,0,1,0,0
390,22,Masculino,Solteira(o),10,Estudante,0,3,1,0,1,1,1,2,2,0,1,1,3,2,2,0,2,3,0,2,1,0
391,21,Masculino,Solteira(o),9,Estudante,0,0,0,0,1,0,0,0,1,0,1,1,3,0,0,1,0,2,1,1,0,2
392,20,Masculino,Solteira(o),3,Estudante,0,2,1,1,0,1,0,2,1,1,1,2,2,2,1,1,2,1,1,0,0,1
393,26,Masculino,Solteira(o),8,Estudante,0,2,1,1,1,1,2,0,2,1,1,1,3,0,2,1,1,0,1,2,1,2
394,18,Masculino,Solteira(o),7,Estudante,0,1,1,2,0,1,0,1,1,0,2,0,0,2,1,1,1,1,1,0,0,1
395,22,Masculino,Solteira(o),5,Estudante,0,0,1,1,1,1,0,1,0,1,2,1,2,2,0,0,1,3,3,1,1,2
396,23,Masculino,Solteira(o),4,Estudante,0,1,1,1,1,1,1,1,1,1,1,0,2,1,0,0,0,2,1,3,0,1
397,19,Masculino,Solteira(o),7,Estudante,0,1,1,1,0,1,2,0,1,1,1,1,1,1,2,0,1,1,0,0,0,1
398,21,Masculino,Solteira(o),8,Estudante,0,1,0,2,0,0,0,1,1,0,2,1,1,2,2,0,0,2,1,2,1,2
399,23,Masculino,Solteira(o),14,Estudante,0,2,0,1,0,0,0,0,2,1,1,2,2,0,3,1,1,0,0,2,1,0
400,23,Masculino,Solteira(o),1,Estudante,0,0,0,0,0,0,1,1,2,0,2,0,2,2,1,1,1,0,0,0,1,1
401,28,Masculino,Solteira(o),6,Estudante,0,0,0,0,0,0,0,2,1,0,2,0,2,0,2,0,1,2,0,0,0,1
402,25,Masculino,Solteira(o),7,Estudante,0,2,0,2,1,0,0,2,2,0,0,2,3,0,1,1,1,2,0,0,1,0
403,23,Masculino,Solteira(o),5,Estudante,0,2,1,0,0,1,1,1,2,1,3,1,1,1,1,1,2,0,2,0,0,1
404,21,Masculino,Solteira(o),8,Estudante,0,0,3,0,0,3,0,1,1,1,0,2,3,1,0,1,0,0,0,1,0,2
405,21,Masculino,Solteira(o),9,Estudante,0,0,2,1,1,2,1,1,1,1,2,2,3,1,0,0,1,0,3,0,0,0
406,24,Masculino,Solteira(o),5,Estudante,0,0,1,1,1,1,1,1,1,0,0,2,2,1,0,0,1,0,2,1,2,1
407,27,Masculino,Solteira(o),5,Estudante,0,1,0,1,1,0,0,0,2,1,2,3,2,1,1,0,0,1,2,1,1,1
408,28,Masculino,Solteira(o),7,Estudante,0,0,1,1,2,1,0,2,1,1,1,2,2,3,1,1,2,1,1,1,1,1
409,18,Masculino,Solteira(o),8,Estudante,0,2,0,2,1,0,1,1,1,2,1,1,4,1,0,0,1,2,0,1,1,0
410,21,Masculino,Solteira(o),7,Estudante,0,0,2,2,0,2,1,0,1,0,1,3,2,1,0,1,0,0,1,0,0,1
411,19,Masculino,Solteira(o),9,Estudante,0,1,1,0,1,1,0,1,1,1,2,1,2,1,2,1,1,0,1,2,0,0
412,27,Masculino,Solteira(o),4,Estudante,0,4,1,1,0,1,0,2,0,0,2,3,4,2,1,0,0,0,1,0,2,2
413,25,Masculino,Solteira(o),6,Estudante,0,1,1,1,0,1,2,0,2,1,1,2,2,2,2,0,1,0,1,1,2,0
414,26,Masculino,Solteira(o),5,Estudante,0,0,1,0,0,1,1,0,1,2,1,1,0,2,1,0,1,0,1,1,0,1
415,22,Masculino,Solteira(o),5,Estudante,0,2,2,0,0,2,1,1,2,1,2,2,3,1,3,0,1,2,3,0,1,0
416,28,Masculino,Solteira(o),7,Estudante,0,1,1,1,2,1,0,2,1,0,2,3,1,1,0,1,1,1,2,1,0,2
417,22,Masculino,Solteira(o),3,Estudante,0,2,0,3,0,0,0,1,1,0,1,1,1,3,3,1,1,0,1,3,0,2
418,22,Masculino,Solteira(o),8,Estudante,0,2,0,1,0,0,2,1,1,0,2,1,2,2,1,1,0,2,1,1,0,1
419,23,Masculino,Solteira(o),2,Estudante,0,2,0,0,0,0,0,0,1,0,0,2,1,2,1,1,2,0,3,1,0,1
420,24,Masculino,Solteira(o),2,Estudante,0,2,1,2,0,1,1,0,0,1,3,2,2,0,0,0,0,1,0,1,1,0
421,23,Masculino,Solteira(o),3,Estudante,0,1,0,1,1,0,1,0,0,1,0,2,2,2,0,1,1,0,1,2,1,1
422,20,Masculino,Solteira(o),1,Estudante,0,1,2,2,0,2,3,1,0,0,2,2,2,3,0,0,1,0,1,2,0,0
423,27,Masculino,Solteira(o),4,Estudante,0,0,1,0,0,1,3,0,2,1,1,2,1,1,1,0,1,0,0,1,1,0
424,24,Masculino,Solteira(o),9,Estudante,0,1,1,2,1,1,1,0,1,1,1,1,1,4,2,0,1,1,0,1,0,1
425,23,Masculino,Solteira(o),2,Estudante,0,2,1,0,0,1,2,0,1,1,0,0,0,1,0,0,1,1,2,0,1,1
426,26,Masculino,Solteira(o),1,Estudante,0,2,0,1,1,0,0,1,0,0,1,1,2,1,2,0,0,0,0,3,1,2
427,26,Masculino,Solteira(o),9,Estudante,0,1,1,1,0,1,2,1,2,0,0,3,2,1,1,0,0,1,2,2,2,1
428,29,Masculino,Solteira(o),4,Estudante,0,0,1,1,0,1,3,1,0,0,2,2,1,3,2,1,1,0,1,1,0,0
429,26,Masculino,Solteira(o),5,Estudante,0,1,1,1,0,1,0,1,3,0,0,2,1,1,2,0,0,1,0,1,2,2
430,31,Masculino,Solteira(o),8,Estudante,0,0,1,1,1,1,1,1,0,0,1,1,1,1,1,0,2,1,0,0,1,1
431,19,Masculino,Solteira(o),6,Estudante,0,1,0,1,1,0,2,2,2,0,2,1,1,3,0,1,1,1,0,0,1,0
432,23,Masculino,Solteira(o),7,Estudante,0,1,2,0,1,2,1,2,1,0,3,1,2,1,2,1,2,1,1,2,1,0
433,18,Masculino,Solteira(o),4,Estudante,0,0,0,0,1,0,2,2,1,1,1,1,2,1,1,1,1,1,0,3,1,0
434,18,Masculino,Solteira(o),5,Estudante,0,1,0,1,1,0,0,2,0,1,3,0,3,0,2,0,1,2,1,2,0,0
435,24,Masculino,Solteira(o),3,Estudante,0,0,2,1,1,2,1,1,2,1,0,1,3,2,2,1,1,0,2,0,1,3
436,24,Masculino,Solteira(o),9,Estudante,0,1,1,0,1,1,2,0,1,1,2,2,0,0,1,0,1,0,3,0,1,0
437,24,Masculino,Solteira(o),3,Estudante,0,0,0,1,2,0,1,2,1,0,1,1,1,0,1,0,0,1,2,1,0,0
438,24,Masculino,Solteira(o),7,Estudante,0,2,1,1,1,1,0,0,2,0,2,1,2,1,0,0,1,0,2,1,2,2
439,27,Masculino,Solteira(o),6,Estudante,0,1,1,1,1,1,1,0,2,0,0,1,2,0,0,0,0,0,0,1,0,0
440,20,Masculino,Solteira(o),11,Estudante,0,1,1,1,0,1,1,0,1,2,0,2,0,1,1,0,2,2,1,2,2,0
441,27,Masculino,Solteira(o),8,Estudante,0,1,1,2,0,1,0,1,0,1,0,4,0,3,1,1,1,0,2,1,1,3
442,27,Masculino,Solteira(o),5,Estudante,0,0,2,1,2,2,2,0,2,2,3,1,1,0,0,0,0,0,0,1,1,1
443,19,Masculino,Solteira(o),8,Estudante,0,0,1,2,0,1,0,1,0,0,0,3,2,1,0,0,2,0,2,1,0,0
444,22,Masculino,Solteira(o),6,Estudante,0,0,1,0,0,1,2,1,1,0,0,1,3,0,1,0,1,0,1,1,0,0
445,23,Masculino,Solteira(o),8,Estudante,0,0,0,1,0,0,3,0,2,2,0,3,1,1,3,1,1,2,2,0,0,0
446,24,Masculino,Solteira(o),5,Estudante,0,2,2,1,1,2,1,0,0,0,2,1,3,1,1,1,0,1,0,2,1,0
447,18,Masculino,Solteira(o),8,Estudante,0,2,1,1,1,1,1,1,1,2,2,2,0,1,1,0,0,0,1,2,2,0
448,21,Masculino,Solteira(o),8,Estudante,0,0,2,2,1,2,0,0,3,2,0,1,1,0,1,2,1,1,2,1,0,0
449,23,Masculino,Solteira(o),6,Estudante,0,0,0,2,1,0,0,0,1,1,1,2,1,2,2,1,0,2,1,0,2,1
450,23,Masculino,Solteira(o),8,Estudante,0,1,1,1,1,1,0,0,1,2,2,2,2,0,1,0,2,1,2,0,1,0
451,30,Masculino,Solteira(o),9,Estudante,0,2,1,0,0,1,3,3,1,1,2,2,1,0,1,0,2,3,1,0,1,2
452,26,Masculino,Solteira(o),6,Estudante,0,0,1,1,0,1,2,2,1,0,2,3,3,0,1,0,0,1,1,2,1,1
453,23,Masculino,Solteira(o),6,Estudante,0,2,1,0,0,1,2,0,1,1,2,2,1,1,2,0,2,2,1,2,1,1
454,24,Masculino,Solteira(o),9,Estudante,0,1,1,1,0,1,0,0,1,0,1,1,1,1,0,0,2,0,1,0,0,2
455,28,Masculino,Solteira(o),5,Estudante,0,1,0,1,0,0,3,2,3,0,2,2,2,1,2,0,1,2,0,0,0,2
456,26,Masculino,Solteira(o),0,Estudante,0,1,1,1,1,1,1,2,1,2,1,2,2,1,1,2,1,1,2,2,0,0
457,21,Masculino,Solteira(o),6,Estudante,0,1,2,1,1,2,3,0,2,0,1,3,0,3,2,0,1,1,0,2,2,0
458,20,Masculino,Solteira(o),5,Estudante,0,1,0,1,1,0,0,0,0,1,1,2,3,1,1,1,1,1,2,0,1,1
459,24,Masculino,Solteira(o),8,Estudante,0,1,1,3,1,1,1,0,1,1,0,1,2,0,1,0,1,0,1,0,0,2
460,26,Masculino,Solteira(o),7,Estudante,0,1,1,0,0,1,1,1,1,1,2,2,2,2,1,1,1,1,4,2,1,0
461,22,Masculino,Solteira(o),11,Estudante,0,1,2,0,1,2,2,0,1,2,1,2,0,2,0,1,1,1,1,2,1,3
462,27,Masculino,Solteira(o),4,Estudante,0,0,2,1,0,2,0,0,0,1,1,3,3,2,2,0,1,1,0,1,1,0
463,29,Masculino,Solteira(o),5,Estudante,0,0,1,0,1,1,2,0,2,0,0,2,2,2,0,0,0,1,1,2,0,2
464,19,Masculino,Solteira(o),10,Estudante,0,0,0,1,1,0,0,0,1,0,1,2,3,1,2,1,0,1,0,0,0,0
465,28,Masculino,Solteira(o),7,Estudante,0,1,3,2,0,3,2,3,2,0,1,1,2,3,1,0,2,2,2,1,0,0
466,21,Masculino,Solteira(o),6,Estudante,0,2,2,1,0,2,2,3,1,1,1,1,2,1,1,0,1,3,2,2,0,2
467,22,Masculino,Solteira(o),4,Estudante,0,1,0,2,1,0,0,2,0,0,0,2,1,2,1,0,1,0,2,0,1,1
468,22,Masculino,Solteira(o),4,Estudante,0,1,1,1,0,1,0,0,1,1,2,2,1,2,0,1,1,0,2,0,1,0
469,30,Masculino,Solteira(o),8,Estudante,0,2,0,1,0,0,1,0,2,0,2,2,2,2,1,1,1,1,0,0,0,0
470,19,Masculino,Solteira(o),5,Estudante,0,2,1,1,1,1,1,2,2,1,0,1,1,2,1,0,0,2,3,3,1,1
471,24,Masculino,Solteira(o),6,Estudante,0,1,1,1,1,1,2,0,1,0,1,1,2,1,0,0,1,0,0,0,1,1
472,24,Masculino,Solteira(o),6,Estudante,0,1,2,1,0,2,1,1,2,1,4,3,1,1,0,0,0,1,1,2,0,1
473,18,Masculino,Solteira(o),9,Estudante,0,0,0,1,0,0,0,0,1,2,2,2,1,3,1,1,2,2,2,1,1,1
474,22,Masculino,Solteira(o),4,Estudante,0,0,1,1,1,1,2,0,0,1,1,2,1,1,2,0,1,2,1,1,0,3
475,28,Masculino,Solteira(o),10,Estudante,0,1,1,0,0,1,0,0,1,1,0,1,0,1,0,0,1,1,3,1,0,1
476,25,Masculino,Solteira(o),2,Estudante,0,0,0,0,1,0,0,1,0,0,0,2,1,3,1,0,2,0,1,1,0,1
477,24,Masculino,Solteira(o),7,Estudante,0,2,3,1,0,3,0,1,0,2,2,2,1,2,0,0,2,0,1,1,0,2
478,21,Masculino,Solteira(o),6,Estudante,0,1,1,0,1,1,2,1,1,1,0,1,2,1,1,0,2,2,1,0,1,1
479,19,Masculino,Solteira(o),4,Estudante,0,1,0,1,0,0,1,0,0,0,2,1,2,2,1,1,0,1,0,1,0,1
480,18,Masculino,Solteira(o),5,Estudante,0,1,2,1,0,2,0,0,1,1,2,2,3,0,2,0,0,2,2,2,0,0
481,21,Masculino,Solteira(o),6,Estudante,0,2,1,0,0,1,1,1,0,2,1,3,1,3,1,1,0,1,0,0,0,1
482,28,Masculino,Solteira(o),4,Estudante,0,0,2,1,0,2,1,0,2,0,3,2,1,1,1,1,0,0,1,0,2,1
483,26,Masculino,Solteira(o),9,Estudante,0,1,1,2,1,1,1,0,0,1,1,2,1,2,2,0,1,2,2,2,0,1
484,26,Masculino,Solteira(o),4,Estudante,0,1,0,0,0,0,2,0,1,1,0,1,2,1,0,0,1,0,2,0,2,0
485,24,Masculino,Solteira(o),4,Estudante,0,1,0,0,0,0,0,1,1,0,1,2,2,1,1,0,1,2,0,1,2,2
486,22,Masculino,Solteira(o),10,Estudante,0,3,0,0,2,0,1,2,1,1,0,2,2,2,2,0,1,1,3,2,1,1
487,25,Masculino,Solteira(o),10,Estudante,0,2,0,1,1,0,1,1,1,0,0,1,3,3,1,0,1,0,0,0,2,3
488,21,Masculino,Solteira(o),4,Estudante,0,1,2,2,0,2,2,0,1,1,2,1,1,2,0,1,1,2,0,1,0,1
489,27,Masculino,Solteira(o),11,Estudante,0,1,1,1,0,1,1,1,0,0,3,3,2,1,1,0,0,2,1,1,0,1
490,24,Masculino,Solteira(o),10,Estudante,0,1,2,0,0,2,2,3,1,1,0,1,1,2,3,0,1,0,1,1,0,3
491,24,Masculino,Solteira(o),1,Estudante,0,1,0,0,1,0,1,0,1,1,1,3,1,2,0,1,0,2,0,1,1,1
492,26,Masculino,Solteira(o),6,Estudante,0,1,1,1,0,1,1,1,0,1,2,2,0,0,0,0,0,2,0,1,3,2
493,20,Masculino,Solteira(o),6,Estudante,0,3,1,1,0,1,1,0,2,0,1,1,1,2,3,0,1,1,2,2,1,1
494,26,Masculino,Solteira(o),5,Estudante,0,0,0,0,0,0,1,0,1,2,1,1,3,1,2,0,1,1,1,0,1,1
495,24,Masculino,Solteira(o),5,Estudante,0,1,0,2,2,0,0,0,1,1,0,1,2,2,1,1,0,3,0,1,1,0
496,24,Masculino,Solteira(o),8,Estudante,0,0,0,1,0,0,1,0,2,0,2,1,2,2,2,1,0,1,0,1,1,0
497,22,Masculino,Solteira(o),7,Estudante,0,1,0,0,0,0,2,1,2,2,0,2,2,1,0,0,0,1,4,1,0,0
498,27,Masculino,Solteira(o),4,Estudante,0,2,2,1,0,2,3,0,2,0,1,2,3,3,1,1,1,0,0,1,1,0
499,24,Masculino,Solteira(o),7,Estudante,0,1,0,1,0,0,0,1,2,2,2,3,1,1,1,0,0,2,2,1,0,0
